s_tp,s_fp,s_tn,s_fn,a_tp,a_fp,a_tn,a_fn,zona
108,8,34,0,106,0,42,2,casa_sopocachi
141,4,5,0,140,0,9,1,casa_sopocachi
150,0,0,0,150,0,0,0,casa_sopocachi
138,11,1,0,138,2,10,0,casa_sopocachi
135,15,0,0,135,0,15,0,casa_sopocachi
143,3,4,0,143,0,7,0,casa_sopocachi
141,3,6,0,141,0,9,0,casa_sopocachi
63,66,21,0,63,3,84,0,casa_sopocachi
127,12,11,0,127,3,20,0,casa_sopocachi
123,12,15,0,123,1,26,0,casa_sopocachi
150,0,0,0,150,0,0,0,casa_sopocachi
104,5,41,0,104,0,46,0,casa_sopocachi
138,9,3,0,137,0,12,1,casa_sopocachi
141,4,5,0,141,0,9,0,casa_sopocachi
143,2,5,0,142,0,7,1,casa_sopocachi
115,11,24,0,114,3,32,1,casa_sopocachi
136,12,2,0,135,0,14,1,casa_sopocachi
141,4,5,0,141,0,9,0,casa_sopocachi
142,4,4,0,142,1,7,0,casa_sopocachi
143,4,3,0,143,0,7,0,casa_sopocachi
140,8,2,0,140,1,9,0,casa_sopocachi
114,31,5,0,114,1,35,0,casa_sopocachi
150,0,0,0,150,0,0,0,casa_sopocachi
113,7,30,0,113,0,37,0,casa_sopocachi
122,14,13,1,118,0,27,5,casa_sopocachi
68,29,53,0,67,3,79,1,casa_sopocachi
133,14,3,0,132,0,17,1,casa_sopocachi
150,0,0,0,150,0,0,0,casa_sopocachi
85,9,56,0,85,2,63,0,casa_sopocachi
150,0,0,0,150,0,0,0,casa_sopocachi
142,3,5,0,142,0,8,0,casa_sopocachi
136,9,5,0,136,1,13,0,casa_sopocachi
140,3,7,0,140,0,10,0,casa_sopocachi
128,16,6,0,128,3,19,0,casa_sopocachi
117,14,19,0,116,1,32,1,casa_sopocachi
131,15,4,0,130,2,17,1,casa_sopocachi
128,10,12,0,125,0,22,3,casa_sopocachi
141,3,6,0,141,0,9,0,casa_sopocachi
141,5,4,0,141,0,9,0,casa_sopocachi
140,4,6,0,140,1,9,0,casa_sopocachi
143,4,3,0,143,1,6,0,casa_sopocachi
142,3,5,0,142,1,7,0,casa_sopocachi
93,35,22,0,93,1,56,0,casa_sopocachi
150,0,0,0,150,0,0,0,casa_sopocachi
143,2,5,0,142,0,7,1,casa_sopocachi
138,7,5,0,138,0,12,0,casa_sopocachi
136,10,4,0,136,0,14,0,casa_sopocachi
136,13,1,0,136,2,12,0,casa_sopocachi
132,18,0,0,132,1,17,0,casa_sopocachi
143,2,5,0,143,1,6,0,casa_sopocachi
123,14,13,0,122,0,27,1,casa_sopocachi
136,10,4,0,133,0,14,3,casa_sopocachi
134,11,5,0,134,0,16,0,casa_sopocachi
105,27,18,0,104,1,44,1,casa_sopocachi
138,11,1,0,138,2,10,0,casa_sopocachi
139,5,6,0,139,0,11,0,casa_sopocachi
132,15,3,0,131,0,18,1,casa_sopocachi
136,11,3,0,136,2,12,0,casa_sopocachi
143,2,5,0,143,0,7,0,casa_sopocachi
112,18,20,0,109,2,36,3,casa_sopocachi
93,9,48,0,93,2,55,0,casa_sopocachi
141,3,6,0,141,1,8,0,casa_sopocachi
128,6,16,0,127,0,22,1,casa_sopocachi
150,0,0,0,150,0,0,0,casa_sopocachi
113,9,28,0,110,0,37,3,casa_sopocachi
142,2,6,0,142,0,8,0,casa_sopocachi
135,14,1,0,135,1,14,0,casa_sopocachi
143,3,4,0,143,1,6,0,casa_sopocachi
139,4,7,0,139,0,11,0,casa_sopocachi
143,3,4,0,143,0,7,0,casa_sopocachi
129,17,4,0,128,0,21,1,casa_sopocachi
139,6,5,0,139,1,10,0,casa_sopocachi
142,3,5,0,142,0,8,0,casa_sopocachi
143,3,4,0,143,1,6,0,casa_sopocachi
141,4,5,0,141,1,8,0,casa_sopocachi
137,12,1,0,136,0,13,1,casa_sopocachi
142,4,4,0,142,0,8,0,casa_sopocachi
138,11,1,0,138,0,12,0,casa_sopocachi
123,7,20,0,123,0,27,0,casa_sopocachi
125,21,4,0,125,1,24,0,casa_sopocachi
136,7,7,0,136,0,14,0,casa_sopocachi
139,9,2,0,139,1,10,0,casa_sopocachi
143,2,5,0,143,0,7,0,casa_sopocachi
143,1,6,0,142,0,7,1,casa_sopocachi
141,2,7,0,140,0,9,1,casa_sopocachi
143,3,4,0,143,0,7,0,casa_sopocachi
137,11,2,0,136,1,12,1,casa_sopocachi
135,8,7,0,135,0,15,0,casa_sopocachi
129,16,5,0,129,3,18,0,casa_sopocachi
150,0,0,0,150,0,0,0,casa_sopocachi
142,3,5,0,142,0,8,0,casa_sopocachi
96,9,45,0,93,1,53,3,casa_sopocachi
127,10,13,0,127,3,20,0,casa_sopocachi
142,3,5,0,142,1,7,0,casa_sopocachi
137,12,1,0,134,0,13,3,casa_sopocachi
142,3,5,0,142,0,8,0,casa_sopocachi
143,3,4,0,142,2,5,1,casa_sopocachi
142,4,4,0,142,1,7,0,casa_sopocachi
126,18,6,0,126,5,19,0,casa_sopocachi
67,12,71,0,64,3,80,3,casa_sopocachi
143,4,3,0,143,0,7,0,casa_sopocachi
144,2,4,0,144,1,5,0,casa_sopocachi
79,22,49,0,79,0,71,0,casa_sopocachi
140,2,8,0,139,0,10,1,casa_sopocachi
128,13,9,0,128,2,20,0,casa_sopocachi
138,7,5,0,136,0,12,2,casa_sopocachi
150,0,0,0,150,0,0,0,casa_sopocachi
143,3,4,0,143,1,6,0,casa_sopocachi
141,3,6,0,141,1,8,0,casa_sopocachi
140,2,8,0,139,0,10,1,casa_sopocachi
125,18,7,0,117,0,25,8,casa_sopocachi
141,4,5,0,141,1,8,0,casa_sopocachi
123,12,15,0,121,1,26,2,casa_sopocachi
142,3,5,0,142,0,8,0,casa_sopocachi
138,7,5,0,138,1,11,0,casa_sopocachi
73,11,66,0,72,2,75,1,casa_sopocachi
132,8,10,0,132,1,17,0,casa_sopocachi
137,10,3,0,137,3,10,0,casa_sopocachi
134,10,6,0,132,1,15,2,casa_sopocachi
100,9,41,0,100,0,50,0,casa_sopocachi
134,13,3,0,134,2,14,0,casa_sopocachi
139,4,7,0,139,1,10,0,casa_sopocachi
97,6,47,0,96,0,53,1,casa_sopocachi
150,0,0,0,148,0,0,2,casa_sopocachi
142,3,5,0,142,0,8,0,casa_sopocachi
110,14,26,0,109,1,39,1,casa_sopocachi
135,7,8,0,132,0,15,3,casa_sopocachi
137,12,1,0,136,2,11,1,casa_sopocachi
150,0,0,0,150,0,0,0,casa_sopocachi
150,0,0,0,150,0,0,0,casa_sopocachi
141,3,6,0,141,0,9,0,casa_sopocachi
101,8,41,0,101,3,46,0,casa_sopocachi
150,0,0,0,150,0,0,0,casa_sopocachi
137,13,0,0,137,4,9,0,casa_sopocachi
124,11,15,0,121,0,26,3,casa_sopocachi
141,3,6,0,141,0,9,0,casa_sopocachi
142,2,6,0,141,0,8,1,casa_sopocachi
117,7,26,0,116,1,32,1,casa_sopocachi
134,15,1,0,134,1,15,0,casa_sopocachi
137,11,2,0,136,1,12,1,casa_sopocachi
138,11,1,0,135,0,12,3,casa_sopocachi
104,5,41,0,104,0,46,0,casa_sopocachi
143,2,5,0,142,0,7,1,casa_sopocachi
119,9,22,0,119,3,28,0,casa_sopocachi
55,32,63,0,51,9,86,4,casa_sopocachi
68,10,72,0,67,0,82,1,casa_sopocachi
123,14,13,0,121,3,24,2,casa_sopocachi
52,11,87,0,52,2,96,0,casa_sopocachi
141,4,5,0,141,2,7,0,casa_sopocachi
134,12,4,0,133,0,16,1,casa_sopocachi
139,10,1,0,139,1,10,0,casa_sopocachi
136,9,5,0,136,1,13,0,casa_sopocachi
134,9,7,0,132,0,16,2,casa_sopocachi
150,0,0,0,150,0,0,0,casa_sopocachi
79,16,55,0,76,0,71,3,casa_sopocachi
130,14,6,0,130,1,19,0,casa_sopocachi
123,15,12,0,122,0,27,1,casa_sopocachi
102,22,26,0,102,1,47,0,casa_sopocachi
142,3,5,0,142,0,8,0,casa_sopocachi
130,15,5,0,127,4,16,3,casa_sopocachi
129,15,6,0,125,0,21,4,casa_sopocachi
125,20,5,0,125,2,23,0,casa_sopocachi
90,6,54,0,90,2,58,0,casa_sopocachi
137,11,2,0,137,2,11,0,casa_sopocachi
141,5,4,0,141,1,8,0,casa_sopocachi
133,14,3,0,131,0,17,2,casa_sopocachi
141,3,6,0,140,0,9,1,casa_sopocachi
137,11,2,0,137,0,13,0,casa_sopocachi
108,9,33,0,107,1,41,1,casa_sopocachi
142,4,4,0,141,0,8,1,casa_sopocachi
132,8,10,0,132,1,17,0,casa_sopocachi
132,17,1,0,131,0,18,1,casa_sopocachi
136,9,5,0,135,0,14,1,casa_sopocachi
80,31,39,0,77,4,66,3,casa_sopocachi
89,5,56,0,87,0,61,2,casa_sopocachi
134,10,6,0,133,2,14,1,casa_sopocachi
128,13,9,0,122,1,21,6,casa_sopocachi
140,3,7,0,140,1,9,0,casa_sopocachi
132,12,6,0,132,1,17,0,casa_sopocachi
143,3,4,0,143,0,7,0,casa_sopocachi
107,10,33,0,107,0,43,0,casa_sopocachi
142,3,5,0,142,1,7,0,casa_sopocachi
141,7,2,0,141,1,8,0,casa_sopocachi
97,18,35,0,90,2,51,7,casa_sopocachi
112,31,7,0,110,0,38,2,casa_sopocachi
141,3,6,0,141,0,9,0,casa_sopocachi
150,0,0,0,150,0,0,0,casa_sopocachi
137,8,5,0,137,1,12,0,casa_sopocachi
150,0,0,0,150,0,0,0,casa_sopocachi
150,0,0,0,150,0,0,0,casa_sopocachi
139,10,1,0,139,1,10,0,casa_sopocachi
140,6,4,0,140,0,10,0,casa_sopocachi
136,11,3,0,136,0,14,0,casa_sopocachi
120,12,18,0,119,0,30,1,casa_sopocachi
109,29,12,0,107,3,38,2,casa_sopocachi
123,26,1,0,121,0,27,2,casa_sopocachi
143,3,4,0,143,0,7,0,casa_sopocachi
142,3,5,0,142,1,7,0,casa_sopocachi
140,4,6,0,139,0,10,1,casa_sopocachi
141,3,6,0,141,0,9,0,casa_sopocachi
150,0,0,0,150,0,0,0,casa_sopocachi
138,7,5,0,137,0,12,1,casa_sopocachi
139,2,9,0,138,0,11,1,casa_sopocachi
143,3,4,0,143,1,6,0,casa_sopocachi
144,3,3,0,144,0,6,0,casa_sopocachi
141,3,6,0,141,0,9,0,casa_sopocachi
143,3,4,0,143,0,7,0,casa_sopocachi
127,9,14,0,127,0,23,0,casa_sopocachi
137,11,2,0,135,0,13,2,casa_sopocachi
142,3,5,0,142,1,7,0,casa_sopocachi
129,8,13,0,127,0,21,2,casa_sopocachi
150,0,0,0,150,0,0,0,casa_sopocachi
138,9,3,0,138,1,11,0,casa_sopocachi
135,11,4,0,132,2,13,3,casa_sopocachi
88,8,54,0,87,1,61,1,casa_sopocachi
115,19,16,0,115,1,34,0,casa_sopocachi
129,10,10,1,128,2,18,2,casa_sopocachi
133,13,4,0,128,0,17,5,casa_sopocachi
123,7,20,0,121,0,27,2,casa_sopocachi
60,23,67,0,60,3,87,0,casa_sopocachi
120,8,22,0,120,1,29,0,casa_sopocachi
138,5,7,0,138,0,12,0,casa_sopocachi
144,3,3,0,144,0,6,0,casa_sopocachi
139,9,2,0,138,0,11,1,casa_sopocachi
127,11,12,0,126,0,23,1,casa_sopocachi
118,25,7,0,118,3,29,0,casa_sopocachi
132,10,8,0,129,0,18,3,casa_sopocachi
106,13,31,0,106,2,42,0,casa_sopocachi
136,12,2,0,135,0,14,1,casa_sopocachi
140,6,4,0,140,0,10,0,casa_sopocachi
73,9,68,0,71,1,76,2,casa_sopocachi
80,12,58,0,78,0,70,2,casa_sopocachi
138,12,0,0,132,0,12,6,casa_sopocachi
61,19,70,0,61,4,85,0,casa_sopocachi
139,5,6,0,139,1,10,0,casa_sopocachi
110,7,33,0,110,2,38,0,casa_sopocachi
133,17,0,0,130,3,14,3,casa_sopocachi
66,15,69,0,65,0,84,1,casa_sopocachi
142,3,5,0,142,1,7,0,casa_sopocachi
103,24,23,0,100,6,41,3,casa_sopocachi
138,7,5,0,138,1,11,0,casa_sopocachi
150,0,0,0,150,0,0,0,casa_sopocachi
142,2,6,0,142,0,8,0,casa_sopocachi
140,6,4,0,140,1,9,0,casa_sopocachi
107,23,20,0,106,0,43,1,casa_sopocachi
143,3,4,0,143,0,7,0,casa_sopocachi
111,4,35,0,110,0,39,1,casa_sopocachi
137,9,4,0,136,1,12,1,casa_sopocachi
150,0,0,0,150,0,0,0,casa_sopocachi
150,0,0,0,150,0,0,0,casa_sopocachi
139,11,0,0,139,0,11,0,casa_sopocachi
143,4,3,0,143,0,7,0,casa_sopocachi
102,27,21,0,102,3,45,0,casa_sopocachi
145,1,4,0,143,0,5,2,casa_sopocachi
147,3,0,0,141,1,2,6,casa_sopocachi
105,16,29,0,103,0,45,2,casa_sopocachi
122,8,20,0,122,0,28,0,casa_sopocachi
137,9,4,0,135,0,13,2,casa_sopocachi
142,3,5,0,141,0,8,1,casa_sopocachi
114,8,28,0,112,1,35,2,casa_sopocachi
132,13,5,0,132,0,18,0,casa_sopocachi
75,8,67,0,75,0,75,0,casa_sopocachi
142,3,5,0,142,0,8,0,casa_sopocachi
131,15,4,0,130,0,19,1,casa_sopocachi
115,18,17,0,115,2,33,0,casa_sopocachi
137,8,5,0,135,0,13,2,casa_sopocachi
139,7,4,0,138,0,11,1,casa_sopocachi
150,0,0,0,150,0,0,0,casa_sopocachi
143,3,4,0,142,0,7,1,casa_sopocachi
139,3,8,0,138,0,11,1,casa_sopocachi
136,9,5,0,135,1,13,1,casa_sopocachi
132,9,9,0,132,2,16,0,casa_sopocachi
136,8,6,0,136,2,12,0,casa_sopocachi
134,10,6,0,131,0,16,3,casa_sopocachi
135,15,0,0,134,0,15,1,casa_sopocachi
150,0,0,0,150,0,0,0,casa_sopocachi
118,30,2,0,116,1,31,2,casa_sopocachi
137,10,3,0,135,0,13,2,casa_sopocachi
137,8,5,0,136,0,13,1,casa_sopocachi
137,11,2,0,137,1,12,0,casa_sopocachi
98,5,47,0,98,0,52,0,casa_sopocachi
91,24,35,0,81,2,57,10,casa_sopocachi
136,13,1,0,136,0,14,0,casa_sopocachi
142,4,4,0,142,0,8,0,casa_sopocachi
139,4,7,0,139,0,11,0,casa_sopocachi
142,3,5,0,142,0,8,0,casa_sopocachi
140,5,5,0,140,1,9,0,casa_sopocachi
143,2,5,0,142,0,7,1,casa_sopocachi
76,6,68,0,76,0,74,0,casa_sopocachi
132,12,6,0,131,0,18,1,casa_sopocachi
136,11,3,0,136,1,13,0,casa_sopocachi
144,2,4,0,143,0,6,1,casa_sopocachi
106,16,28,0,106,2,42,0,casa_sopocachi
131,10,9,0,130,0,19,1,casa_sopocachi
142,3,5,0,141,0,8,1,casa_sopocachi
128,16,6,0,128,1,21,0,casa_sopocachi
150,0,0,0,150,0,0,0,casa_sopocachi
143,1,6,0,142,0,7,1,casa_sopocachi
143,3,4,0,142,0,7,1,casa_sopocachi
104,25,21,0,102,3,43,2,casa_sopocachi
139,3,8,0,139,0,11,0,casa_sopocachi
150,0,0,0,150,0,0,0,casa_sopocachi
113,14,23,0,112,1,36,1,casa_sopocachi
140,7,3,0,140,1,9,0,casa_sopocachi
131,8,11,0,131,4,15,0,casa_sopocachi
142,2,6,0,141,0,8,1,casa_sopocachi
125,16,9,0,123,1,24,2,casa_sopocachi
137,6,7,0,136,0,13,1,casa_sopocachi
132,12,6,0,132,0,18,0,casa_sopocachi
138,7,5,0,137,0,12,1,casa_sopocachi
142,3,5,0,140,0,8,2,casa_sopocachi
143,2,5,0,142,0,7,1,casa_sopocachi
109,39,2,0,101,15,26,8,casa_sopocachi
140,6,4,0,140,2,8,0,casa_sopocachi
79,7,64,0,79,0,71,0,casa_sopocachi
133,9,8,0,133,2,15,0,casa_sopocachi
134,13,3,0,134,1,15,0,casa_sopocachi
138,5,7,0,138,3,9,0,casa_sopocachi
106,7,37,0,104,0,44,2,casa_sopocachi
18,17,115,0,17,1,131,1,casa_sopocachi
135,15,0,0,131,5,10,4,casa_sopocachi
126,20,4,0,118,1,23,8,casa_sopocachi
142,1,7,0,141,0,8,1,casa_sopocachi
140,3,7,0,140,0,10,0,casa_sopocachi
142,4,4,0,142,0,8,0,casa_sopocachi
141,4,5,0,141,0,9,0,casa_sopocachi
143,2,5,0,142,0,7,1,casa_sopocachi
105,11,34,0,105,2,43,0,casa_sopocachi
125,9,16,0,125,1,24,0,casa_sopocachi
142,3,5,0,141,0,8,1,casa_sopocachi
143,3,4,0,142,0,7,1,casa_sopocachi
140,3,7,0,140,1,9,0,casa_sopocachi
150,0,0,0,150,0,0,0,casa_sopocachi
150,0,0,0,150,0,0,0,casa_sopocachi
142,3,5,0,142,1,7,0,casa_sopocachi
118,11,21,0,114,0,32,4,casa_sopocachi
142,3,5,0,142,0,8,0,casa_sopocachi
104,40,6,0,98,0,46,6,casa_sopocachi
142,2,6,0,142,0,8,0,casa_sopocachi
150,0,0,0,150,0,0,0,casa_sopocachi
140,6,4,0,138,0,10,2,casa_sopocachi
110,8,32,0,110,2,38,0,casa_sopocachi
140,4,6,0,140,1,9,0,casa_sopocachi
144,2,4,0,144,0,6,0,casa_sopocachi
141,3,6,0,141,0,9,0,casa_sopocachi
97,19,34,0,96,3,50,1,casa_sopocachi
99,6,45,0,99,3,48,0,casa_sopocachi
141,3,6,0,141,0,9,0,casa_sopocachi
138,10,2,0,138,0,12,0,casa_sopocachi
136,13,1,0,133,0,14,3,casa_sopocachi
138,4,8,0,138,0,12,0,casa_sopocachi
140,5,5,0,140,0,10,0,casa_sopocachi
60,31,59,0,55,0,90,5,casa_sopocachi
136,9,5,0,134,0,14,2,casa_sopocachi
133,12,5,0,133,0,17,0,casa_sopocachi
132,12,6,0,129,0,18,3,casa_sopocachi
137,12,1,0,137,2,11,0,casa_sopocachi
141,4,5,0,141,1,8,0,casa_sopocachi
150,0,0,0,135,0,0,15,casa_sopocachi
140,3,7,0,138,0,10,2,casa_sopocachi
76,17,57,0,75,0,74,1,casa_sopocachi
141,3,6,0,141,1,8,0,casa_sopocachi
135,11,4,0,135,0,15,0,casa_sopocachi
141,4,5,0,141,0,9,0,casa_sopocachi
141,2,7,0,141,0,9,0,casa_sopocachi
128,15,7,0,127,0,22,1,casa_sopocachi
118,13,19,0,118,4,28,0,casa_sopocachi
137,10,3,0,136,0,13,1,casa_sopocachi
110,10,30,0,109,1,39,1,casa_sopocachi
85,31,34,0,85,6,59,0,casa_sopocachi
132,14,4,0,131,1,17,1,casa_sopocachi
142,4,4,0,142,2,6,0,casa_sopocachi
124,13,13,0,122,0,26,2,casa_sopocachi
102,26,22,0,98,3,45,4,casa_sopocachi
108,8,34,0,108,1,41,0,casa_sopocachi
124,12,14,0,122,0,26,2,casa_sopocachi
138,7,5,0,134,0,12,4,casa_sopocachi
142,3,5,0,141,0,8,1,casa_sopocachi
121,19,10,0,118,0,29,3,casa_sopocachi
136,13,1,0,135,1,13,1,casa_sopocachi
108,6,36,0,108,1,41,0,casa_sopocachi
119,21,10,0,119,4,27,0,casa_sopocachi
150,0,0,0,150,0,0,0,casa_sopocachi
138,11,1,0,138,0,12,0,casa_sopocachi
138,12,0,0,138,1,11,0,casa_sopocachi
104,29,17,0,104,8,38,0,casa_sopocachi
138,12,0,0,138,0,12,0,casa_sopocachi
144,1,5,0,142,0,6,2,casa_sopocachi
135,11,4,0,135,1,14,0,casa_sopocachi
150,0,0,0,150,0,0,0,casa_sopocachi
138,7,5,0,138,4,8,0,casa_sopocachi
142,3,5,0,142,0,8,0,casa_sopocachi
143,3,4,0,143,0,7,0,casa_sopocachi
129,6,15,0,127,0,21,2,casa_sopocachi
137,11,2,0,137,1,12,0,casa_sopocachi
143,2,5,0,143,0,7,0,casa_sopocachi
150,0,0,0,150,0,0,0,casa_sopocachi
109,15,26,0,107,0,41,2,casa_sopocachi
140,5,5,0,140,2,8,0,casa_sopocachi
141,3,6,0,139,0,9,2,casa_sopocachi
150,0,0,0,149,0,0,1,casa_sopocachi
143,2,5,0,143,0,7,0,casa_sopocachi
109,12,29,0,109,3,38,0,casa_sopocachi
98,13,39,0,98,3,49,0,casa_sopocachi
137,11,2,0,136,2,11,1,casa_sopocachi
141,3,6,0,140,0,9,1,casa_sopocachi
150,0,0,0,150,0,0,0,casa_sopocachi
138,10,2,0,138,0,12,0,casa_sopocachi
102,6,42,0,102,0,48,0,casa_sopocachi
135,13,2,0,135,0,15,0,casa_sopocachi
125,23,2,0,120,1,24,5,casa_sopocachi
137,4,8,1,137,0,12,1,casa_sopocachi
140,3,7,0,140,0,10,0,casa_sopocachi
112,5,33,0,112,0,38,0,casa_sopocachi
87,27,36,0,87,1,62,0,casa_sopocachi
114,11,25,0,114,0,36,0,casa_sopocachi
113,28,9,0,113,4,33,0,casa_sopocachi
62,40,48,0,61,1,87,1,casa_sopocachi
142,2,6,0,141,0,8,1,casa_sopocachi
136,11,3,0,136,4,10,0,casa_sopocachi
138,4,8,0,137,0,12,1,casa_sopocachi
113,9,28,0,110,0,37,3,casa_sopocachi
140,3,7,0,140,0,10,0,casa_sopocachi
135,8,7,0,134,0,15,1,casa_sopocachi
142,3,5,0,142,0,8,0,casa_sopocachi
119,10,21,0,118,0,31,1,casa_sopocachi
133,12,5,0,132,0,17,1,casa_sopocachi
96,44,10,0,96,6,48,0,casa_sopocachi
119,29,2,0,119,7,24,0,casa_sopocachi
136,12,2,0,133,0,14,3,casa_sopocachi
143,3,4,0,142,0,7,1,casa_sopocachi
127,17,6,0,125,3,20,2,casa_sopocachi
134,13,3,0,132,1,15,2,casa_sopocachi
115,7,28,0,113,0,35,2,casa_sopocachi
139,4,7,0,139,1,10,0,casa_sopocachi
128,18,4,0,127,3,19,1,casa_sopocachi
131,13,6,0,131,2,17,0,casa_sopocachi
150,0,0,0,150,0,0,0,casa_sopocachi
119,8,23,0,118,0,31,1,casa_sopocachi
138,10,2,0,137,0,12,1,casa_sopocachi
141,3,6,0,141,1,8,0,casa_sopocachi
122,16,12,0,122,2,26,0,casa_sopocachi
117,8,25,0,115,0,33,2,casa_sopocachi
143,2,5,0,143,0,7,0,casa_sopocachi
118,21,11,0,116,7,25,2,casa_sopocachi
138,10,2,0,137,0,12,1,casa_sopocachi
136,5,8,1,135,0,13,2,casa_sopocachi
143,2,5,0,143,0,7,0,casa_sopocachi
140,6,4,0,140,0,10,0,casa_sopocachi
140,5,5,0,139,0,10,1,casa_sopocachi
107,16,27,0,100,1,42,7,casa_sopocachi
135,13,2,0,134,0,15,1,casa_sopocachi
137,13,0,0,136,0,13,1,casa_sopocachi
142,3,5,0,141,0,8,1,casa_sopocachi
142,2,6,0,142,0,8,0,casa_sopocachi
135,10,5,0,135,2,13,0,casa_sopocachi
142,4,4,0,142,1,7,0,casa_sopocachi
110,13,27,0,110,3,37,0,casa_sopocachi
95,6,49,0,95,2,53,0,casa_sopocachi
138,9,3,0,138,2,10,0,casa_sopocachi
129,11,10,0,129,0,21,0,casa_sopocachi
143,3,4,0,143,0,7,0,casa_sopocachi
124,19,7,0,123,3,23,1,casa_sopocachi
88,39,23,0,88,3,59,0,casa_sopocachi
141,3,6,0,140,0,9,1,casa_sopocachi
113,10,27,0,113,4,33,0,casa_sopocachi
141,3,6,0,140,0,9,1,casa_sopocachi
131,19,0,0,129,0,19,2,casa_sopocachi
127,18,5,0,126,0,23,1,casa_sopocachi
143,3,4,0,143,1,6,0,casa_sopocachi
135,11,4,0,135,0,15,0,casa_sopocachi
63,32,55,0,58,2,85,5,casa_sopocachi
104,7,39,0,103,1,45,1,casa_sopocachi
117,23,10,0,117,2,31,0,casa_sopocachi
135,14,1,0,135,2,13,0,casa_sopocachi
141,4,5,0,140,0,9,1,casa_sopocachi
150,0,0,0,150,0,0,0,casa_sopocachi
141,4,5,0,140,0,9,1,casa_sopocachi
135,14,1,0,135,0,15,0,casa_sopocachi
143,2,5,0,143,0,7,0,casa_sopocachi
138,9,3,0,137,0,12,1,casa_sopocachi
139,5,6,0,138,0,11,1,casa_sopocachi
133,11,6,0,131,0,17,2,casa_sopocachi
121,4,25,0,120,0,29,1,casa_sopocachi
150,0,0,0,150,0,0,0,casa_sopocachi
140,3,7,0,139,1,9,1,casa_sopocachi
119,23,8,0,114,2,29,5,casa_sopocachi
143,3,4,0,143,0,7,0,casa_sopocachi
69,7,74,0,68,0,81,1,casa_sopocachi
142,3,5,0,142,0,8,0,casa_sopocachi
140,3,7,0,139,0,10,1,casa_sopocachi
135,14,1,0,135,4,11,0,casa_sopocachi
51,67,32,0,50,8,91,1,casa_sopocachi
138,6,6,0,138,0,12,0,casa_sopocachi
141,4,5,0,141,1,8,0,casa_sopocachi
99,8,43,0,95,0,51,4,casa_sopocachi
139,4,7,0,139,1,10,0,casa_sopocachi
144,2,4,0,144,0,6,0,casa_sopocachi
141,3,6,0,141,1,8,0,casa_sopocachi
143,3,4,0,143,0,7,0,casa_sopocachi
137,10,3,0,135,0,13,2,casa_sopocachi
139,4,7,0,139,2,9,0,casa_sopocachi
140,10,0,0,140,3,7,0,casa_sopocachi
142,3,5,0,141,0,8,1,casa_sopocachi
140,7,3,0,139,0,10,1,casa_sopocachi
141,3,6,0,141,0,9,0,casa_sopocachi
139,11,0,0,139,1,10,0,casa_sopocachi
143,3,4,0,143,0,7,0,casa_sopocachi
150,0,0,0,150,0,0,0,casa_sopocachi
85,39,26,0,79,11,54,6,casa_sopocachi
150,0,0,0,150,0,0,0,casa_sopocachi
130,15,5,0,129,0,20,1,casa_sopocachi
141,5,4,0,141,0,9,0,casa_sopocachi
142,3,5,0,141,0,8,1,casa_sopocachi
138,11,1,0,138,0,12,0,casa_sopocachi
136,12,2,0,136,4,10,0,casa_sopocachi
138,9,3,0,138,0,12,0,casa_sopocachi
138,11,1,0,137,2,10,1,casa_sopocachi
130,15,5,0,130,0,20,0,casa_sopocachi
134,12,4,0,134,1,15,0,casa_sopocachi
122,9,19,0,122,0,28,0,casa_sopocachi
135,11,4,0,133,0,15,2,casa_sopocachi
141,3,6,0,141,0,9,0,casa_sopocachi
142,3,5,0,142,1,7,0,casa_sopocachi
34,30,86,0,32,5,111,2,casa_sopocachi
87,15,48,0,87,0,63,0,casa_sopocachi
89,14,47,0,89,1,60,0,casa_sopocachi
119,12,19,0,118,1,30,1,casa_sopocachi
119,5,26,0,118,0,31,1,casa_sopocachi
135,6,9,0,132,0,15,3,casa_sopocachi
133,11,6,0,130,0,17,3,casa_sopocachi
141,3,6,0,141,0,9,0,casa_sopocachi
141,4,5,0,141,1,8,0,casa_sopocachi
144,2,4,0,144,0,6,0,casa_sopocachi
142,2,6,0,142,0,8,0,casa_sopocachi
120,12,18,0,120,2,28,0,casa_sopocachi
120,22,8,0,119,0,30,1,casa_sopocachi
150,0,0,0,150,0,0,0,casa_sopocachi
96,33,21,0,96,4,50,0,casa_sopocachi
80,27,43,0,80,0,70,0,casa_sopocachi
136,12,2,0,136,4,10,0,casa_sopocachi
137,12,1,0,137,0,13,0,casa_sopocachi
134,12,4,0,134,0,16,0,casa_sopocachi
143,3,4,0,143,0,7,0,casa_sopocachi
129,16,5,0,127,0,21,2,casa_sopocachi
142,2,6,0,141,0,8,1,casa_sopocachi
139,3,8,0,136,0,11,3,casa_sopocachi
140,3,7,0,140,0,10,0,casa_sopocachi
117,9,24,0,117,0,33,0,casa_sopocachi
142,2,6,0,142,0,8,0,casa_sopocachi
143,3,4,0,143,0,7,0,casa_sopocachi
134,12,3,1,134,0,15,1,casa_sopocachi
150,0,0,0,150,0,0,0,casa_sopocachi
140,8,2,0,140,1,9,0,casa_sopocachi
135,9,6,0,134,0,15,1,casa_sopocachi
150,0,0,0,150,0,0,0,casa_sopocachi
6,65,79,0,6,16,128,0,casa_sopocachi
119,14,17,0,117,0,31,2,casa_sopocachi
125,19,6,0,116,0,25,9,casa_sopocachi
55,54,41,0,55,8,87,0,casa_sopocachi
138,7,5,0,138,1,11,0,casa_sopocachi
125,16,9,0,125,1,24,0,casa_sopocachi
91,9,50,0,91,0,59,0,casa_sopocachi
140,3,7,0,139,0,10,1,casa_sopocachi
139,10,1,0,139,1,10,0,casa_sopocachi
139,8,3,0,139,2,9,0,casa_sopocachi
150,0,0,0,150,0,0,0,casa_sopocachi
136,13,1,0,136,1,13,0,casa_sopocachi
141,3,6,0,141,0,9,0,casa_sopocachi
133,14,3,0,132,0,17,1,casa_sopocachi
134,12,4,0,133,3,13,1,casa_sopocachi
137,12,1,0,135,0,13,2,casa_sopocachi
143,2,5,0,143,0,7,0,casa_sopocachi
142,2,6,0,141,0,8,1,casa_sopocachi
135,14,1,0,135,1,14,0,casa_sopocachi
150,0,0,0,150,0,0,0,casa_sopocachi
150,0,0,0,150,0,0,0,casa_sopocachi
140,3,7,0,138,0,10,2,casa_sopocachi
142,3,5,0,142,0,8,0,casa_sopocachi
127,6,17,0,126,1,22,1,casa_sopocachi
131,10,9,0,131,3,16,0,casa_sopocachi
139,6,5,0,136,0,11,3,casa_sopocachi
141,2,7,0,141,0,9,0,casa_sopocachi
57,46,47,0,55,3,90,2,casa_sopocachi
134,14,2,0,133,0,16,1,casa_sopocachi
150,0,0,0,150,0,0,0,casa_sopocachi
142,2,6,0,142,0,8,0,casa_sopocachi
142,3,5,0,142,0,8,0,casa_sopocachi
133,12,5,0,132,0,17,1,casa_sopocachi
125,25,0,0,122,0,25,3,casa_sopocachi
150,0,0,0,150,0,0,0,casa_sopocachi
111,10,29,0,111,0,39,0,casa_sopocachi
100,22,28,0,98,0,50,2,casa_sopocachi
141,4,5,0,141,1,8,0,casa_sopocachi
136,8,6,0,134,0,14,2,casa_sopocachi
120,13,17,0,120,1,29,0,casa_sopocachi
138,6,6,0,138,1,11,0,casa_sopocachi
118,12,20,0,118,1,31,0,casa_sopocachi
135,13,2,0,135,1,14,0,casa_sopocachi
141,4,5,0,141,1,8,0,casa_sopocachi
142,3,5,0,142,0,8,0,casa_sopocachi
124,10,16,0,124,1,25,0,casa_sopocachi
143,3,4,0,143,1,6,0,casa_sopocachi
141,3,6,0,141,0,9,0,casa_sopocachi
134,12,4,0,131,0,16,3,casa_sopocachi
144,2,4,0,143,0,6,1,casa_sopocachi
143,3,4,0,143,0,7,0,casa_sopocachi
139,6,5,0,139,0,11,0,casa_sopocachi
107,4,39,0,107,2,41,0,casa_sopocachi
136,12,2,0,136,1,13,0,casa_sopocachi
150,0,0,0,150,0,0,0,casa_sopocachi
78,31,41,0,78,1,71,0,casa_sopocachi
142,2,6,0,142,0,8,0,casa_sopocachi
150,0,0,0,150,0,0,0,casa_sopocachi
142,3,5,0,142,0,8,0,casa_sopocachi
142,2,6,0,142,0,8,0,casa_sopocachi
140,7,3,0,139,0,10,1,casa_sopocachi
134,13,3,0,133,0,16,1,casa_sopocachi
140,3,7,0,139,0,10,1,casa_sopocachi
150,0,0,0,150,0,0,0,casa_sopocachi
142,3,5,0,142,1,7,0,casa_sopocachi
129,14,7,0,129,4,17,0,casa_sopocachi
123,15,12,0,122,0,27,1,casa_sopocachi
137,6,7,0,136,0,13,1,casa_sopocachi
139,4,7,0,138,0,11,1,casa_sopocachi
137,10,3,0,136,1,12,1,casa_sopocachi
136,10,4,0,136,0,14,0,casa_sopocachi
140,4,6,0,140,0,10,0,casa_sopocachi
95,6,49,0,95,1,54,0,casa_sopocachi
143,2,5,0,142,0,7,1,casa_sopocachi
144,2,4,0,143,0,6,1,casa_sopocachi
121,18,11,0,121,1,28,0,casa_sopocachi
141,3,6,0,140,0,9,1,casa_sopocachi
81,9,60,0,79,1,68,2,casa_sopocachi
150,0,0,0,150,0,0,0,casa_sopocachi
137,5,8,0,136,0,13,1,casa_sopocachi
137,8,5,0,137,0,13,0,casa_sopocachi
137,7,6,0,135,0,13,2,casa_sopocachi
132,12,6,0,131,1,17,1,casa_sopocachi
135,13,2,0,135,0,15,0,casa_sopocachi
140,3,7,0,140,1,9,0,casa_sopocachi
86,32,32,0,83,5,59,3,casa_sopocachi
143,2,5,0,143,0,7,0,casa_sopocachi
143,3,4,0,143,0,7,0,casa_sopocachi
141,3,6,0,141,1,8,0,casa_sopocachi
139,5,6,0,139,0,11,0,casa_sopocachi
142,3,5,0,142,0,8,0,casa_sopocachi
138,8,4,0,134,0,12,4,casa_sopocachi
139,7,4,0,138,0,11,1,casa_sopocachi
122,13,15,0,119,0,28,3,casa_sopocachi
136,11,3,0,136,0,14,0,casa_sopocachi
150,0,0,0,150,0,0,0,casa_sopocachi
134,13,3,0,131,0,16,3,casa_sopocachi
150,0,0,0,150,0,0,0,casa_sopocachi
139,9,2,0,138,0,11,1,casa_sopocachi
141,1,8,0,140,0,9,1,casa_sopocachi
139,6,5,0,139,2,9,0,casa_sopocachi
98,15,37,0,98,1,51,0,casa_sopocachi
102,9,39,0,101,2,46,1,casa_sopocachi
120,11,19,0,120,1,29,0,casa_sopocachi
143,4,3,0,143,1,6,0,casa_sopocachi
142,4,4,0,142,1,7,0,casa_sopocachi
143,4,3,0,143,1,6,0,casa_sopocachi
103,25,22,0,98,8,39,5,casa_sopocachi
118,13,19,0,116,3,29,2,casa_sopocachi
95,28,27,0,94,0,55,1,casa_sopocachi
95,9,46,0,94,0,55,1,casa_sopocachi
134,15,1,0,133,3,13,1,casa_sopocachi
143,3,4,0,143,0,7,0,casa_sopocachi
145,1,4,0,145,0,5,0,casa_sopocachi
144,3,3,0,142,0,6,2,casa_sopocachi
142,1,7,0,141,0,8,1,casa_sopocachi
138,8,4,0,138,0,12,0,casa_sopocachi
139,7,4,0,137,0,11,2,casa_sopocachi
141,4,5,0,140,0,9,1,casa_sopocachi
109,35,6,0,108,5,36,1,casa_sopocachi
135,6,9,0,134,1,14,1,casa_sopocachi
142,5,3,0,141,3,5,1,casa_sopocachi
137,10,3,0,134,0,13,3,casa_sopocachi
58,32,60,0,55,2,90,3,casa_sopocachi
138,9,3,0,138,1,11,0,casa_sopocachi
135,14,1,0,134,1,14,1,casa_sopocachi
128,10,12,0,128,2,20,0,casa_sopocachi
135,14,1,0,134,0,15,1,casa_sopocachi
142,1,7,0,140,0,8,2,casa_sopocachi
124,13,13,0,124,2,24,0,casa_sopocachi
138,10,2,0,138,0,12,0,casa_sopocachi
137,9,4,0,137,2,11,0,casa_sopocachi
140,3,7,0,140,0,10,0,casa_sopocachi
114,6,30,0,112,2,34,2,casa_sopocachi
143,4,3,0,143,1,6,0,casa_sopocachi
141,2,7,0,140,0,9,1,casa_sopocachi
150,0,0,0,150,0,0,0,casa_sopocachi
122,12,16,0,122,0,28,0,casa_sopocachi
46,16,87,1,46,2,101,1,casa_sopocachi
142,3,5,0,142,0,8,0,casa_sopocachi
136,11,3,0,136,1,13,0,casa_sopocachi
109,35,6,0,109,13,28,0,casa_sopocachi
142,2,6,0,141,0,8,1,casa_sopocachi
141,4,5,0,141,0,9,0,casa_sopocachi
137,9,4,0,137,2,11,0,casa_sopocachi
111,11,28,0,109,0,39,2,casa_sopocachi
141,2,7,0,141,0,9,0,casa_sopocachi
141,3,6,0,141,0,9,0,casa_sopocachi
140,3,7,0,140,0,10,0,casa_sopocachi
135,6,9,0,134,0,15,1,casa_sopocachi
123,10,17,0,120,0,27,3,casa_sopocachi
138,9,3,0,135,1,11,3,casa_sopocachi
96,8,46,0,96,1,53,0,casa_sopocachi
141,5,4,0,141,0,9,0,casa_sopocachi
141,4,5,0,141,0,9,0,casa_sopocachi
141,3,6,0,141,1,8,0,casa_sopocachi
137,7,6,0,136,0,13,1,casa_sopocachi
136,12,2,0,135,0,14,1,casa_sopocachi
135,12,3,0,134,0,15,1,casa_sopocachi
75,17,58,0,75,0,75,0,casa_sopocachi
132,16,2,0,132,1,17,0,casa_sopocachi
142,3,5,0,142,1,7,0,casa_sopocachi
83,11,56,0,76,2,65,7,casa_sopocachi
136,10,4,0,134,0,14,2,casa_sopocachi
87,11,51,1,87,2,60,1,casa_sopocachi
143,3,4,0,143,0,7,0,casa_sopocachi
107,10,33,0,105,2,41,2,casa_sopocachi
128,10,12,0,128,0,22,0,casa_sopocachi
136,9,5,0,136,2,12,0,casa_sopocachi
116,12,22,0,114,1,33,2,casa_sopocachi
143,3,4,0,143,1,6,0,casa_sopocachi
117,15,18,0,112,4,29,5,casa_sopocachi
150,0,0,0,150,0,0,0,casa_sopocachi
135,12,3,0,135,3,12,0,casa_sopocachi
140,4,6,0,140,0,10,0,casa_sopocachi
105,7,38,0,105,2,43,0,casa_sopocachi
108,10,32,0,108,0,42,0,casa_sopocachi
144,2,4,0,143,0,6,1,casa_sopocachi
136,14,0,0,125,3,11,11,casa_sopocachi
132,12,6,0,131,1,17,1,casa_sopocachi
113,29,8,0,113,1,36,0,casa_sopocachi
139,9,2,0,139,2,9,0,casa_sopocachi
143,3,4,0,143,0,7,0,casa_sopocachi
131,17,2,0,130,0,19,1,casa_sopocachi
136,11,3,0,135,0,14,1,casa_sopocachi
131,4,15,0,129,0,19,2,casa_sopocachi
133,17,0,0,133,4,13,0,casa_sopocachi
141,3,6,0,141,0,9,0,casa_sopocachi
141,4,5,0,141,0,9,0,casa_sopocachi
138,9,3,0,135,0,12,3,casa_sopocachi
141,3,6,0,140,0,9,1,casa_sopocachi
140,4,6,0,139,1,9,1,casa_sopocachi
150,0,0,0,150,0,0,0,casa_sopocachi
135,10,5,0,133,2,13,2,casa_sopocachi
48,32,70,0,40,19,83,8,casa_sopocachi
142,4,4,0,142,0,8,0,casa_sopocachi
129,18,3,0,126,0,21,3,casa_sopocachi
144,2,4,0,144,0,6,0,casa_sopocachi
139,4,7,0,139,0,11,0,casa_sopocachi
144,2,4,0,144,0,6,0,casa_sopocachi
134,14,2,0,134,1,15,0,casa_sopocachi
135,7,8,0,133,0,15,2,casa_sopocachi
141,3,6,0,140,0,9,1,casa_sopocachi
142,2,6,0,142,0,8,0,casa_sopocachi
135,10,5,0,135,2,13,0,casa_sopocachi
150,0,0,0,150,0,0,0,casa_sopocachi
140,5,5,0,140,2,8,0,casa_sopocachi
129,16,5,0,129,6,15,0,casa_sopocachi
113,17,20,0,112,0,37,1,casa_sopocachi
130,12,8,0,128,1,19,2,casa_sopocachi
95,8,47,0,95,0,55,0,casa_sopocachi
85,23,42,0,83,1,64,2,casa_sopocachi
150,0,0,0,143,0,0,7,casa_sopocachi
138,9,3,0,138,2,10,0,casa_sopocachi
134,7,9,0,132,0,16,2,casa_sopocachi
142,2,6,0,142,0,8,0,casa_sopocachi
38,50,62,0,37,0,112,1,casa_sopocachi
122,7,21,0,122,1,27,0,casa_sopocachi
150,0,0,0,150,0,0,0,casa_sopocachi
72,11,67,0,72,1,77,0,casa_sopocachi
141,2,7,0,140,0,9,1,casa_sopocachi
101,33,16,0,99,6,43,2,casa_sopocachi
150,0,0,0,150,0,0,0,casa_sopocachi
136,13,1,0,136,0,14,0,casa_sopocachi
134,10,6,0,132,0,16,2,casa_sopocachi
143,2,5,0,142,1,6,1,casa_sopocachi
141,2,7,0,141,0,9,0,casa_sopocachi
136,10,4,0,136,1,13,0,casa_sopocachi
142,3,5,0,142,0,8,0,casa_sopocachi
136,7,7,0,135,0,14,1,casa_sopocachi
133,11,6,0,130,0,17,3,casa_sopocachi
126,10,14,0,126,0,24,0,casa_sopocachi
136,12,2,0,136,1,13,0,casa_sopocachi
79,10,61,0,78,0,71,1,casa_sopocachi
135,10,5,0,134,1,14,1,casa_sopocachi
143,2,5,0,142,0,7,1,casa_sopocachi
142,3,5,0,142,0,8,0,casa_sopocachi
136,7,7,0,134,0,14,2,casa_sopocachi
143,3,4,0,143,0,7,0,casa_sopocachi
137,13,0,0,137,3,10,0,casa_sopocachi
142,3,5,0,141,0,8,1,casa_sopocachi
135,12,3,0,135,4,11,0,casa_sopocachi
141,4,5,0,140,0,9,1,casa_sopocachi
135,9,6,0,134,0,15,1,casa_sopocachi
48,29,73,0,38,0,102,10,casa_sopocachi
140,4,6,0,140,1,9,0,casa_sopocachi
134,13,3,0,134,1,15,0,casa_sopocachi
131,10,9,0,131,3,16,0,casa_sopocachi
100,39,11,0,95,0,50,5,casa_sopocachi
137,11,2,0,136,0,13,1,casa_sopocachi
144,3,3,0,144,0,6,0,casa_sopocachi
1,62,87,0,0,9,140,1,casa_sopocachi
99,8,43,0,96,0,51,3,casa_sopocachi
126,16,8,0,125,0,24,1,casa_sopocachi
71,24,55,0,69,3,76,2,casa_sopocachi
143,2,5,0,143,0,7,0,casa_sopocachi
67,32,51,0,66,3,80,1,casa_sopocachi
140,4,6,0,139,0,10,1,casa_sopocachi
107,22,21,0,105,0,43,2,casa_sopocachi
141,4,5,0,141,0,9,0,casa_sopocachi
140,3,7,0,140,0,10,0,casa_sopocachi
141,2,7,0,139,0,9,2,casa_sopocachi
99,25,26,0,99,2,49,0,casa_sopocachi
144,2,4,0,143,0,6,1,casa_sopocachi
142,3,5,0,142,0,8,0,casa_sopocachi
140,9,1,0,140,2,8,0,casa_sopocachi
137,8,5,0,136,0,13,1,casa_sopocachi
140,5,5,0,140,0,10,0,casa_sopocachi
142,8,0,0,140,6,2,2,casa_sopocachi
139,4,7,0,139,1,10,0,casa_sopocachi
129,13,8,0,129,1,20,0,casa_sopocachi
150,0,0,0,150,0,0,0,casa_sopocachi
140,8,2,0,138,0,10,2,casa_sopocachi
143,3,4,0,143,0,7,0,casa_sopocachi
141,5,4,0,141,0,9,0,casa_sopocachi
102,15,33,0,100,0,48,2,casa_sopocachi
135,9,6,0,135,0,15,0,casa_sopocachi
136,11,3,0,136,1,13,0,casa_sopocachi
142,3,5,0,142,1,7,0,casa_sopocachi
137,4,9,0,137,1,12,0,casa_sopocachi
134,14,2,0,134,0,16,0,casa_sopocachi
75,11,64,0,74,0,75,1,casa_sopocachi
136,12,2,0,131,1,13,5,casa_sopocachi
142,4,4,0,142,1,7,0,casa_sopocachi
143,4,3,0,143,1,6,0,casa_sopocachi
142,3,5,0,142,0,8,0,casa_sopocachi
150,0,0,0,149,0,0,1,casa_sopocachi
119,9,22,0,119,3,28,0,casa_sopocachi
138,9,3,0,137,1,11,1,casa_sopocachi
143,2,5,0,143,0,7,0,casa_sopocachi
141,3,6,0,140,1,8,1,casa_sopocachi
135,12,3,0,135,3,12,0,casa_sopocachi
113,6,31,0,113,0,37,0,casa_sopocachi
142,4,4,0,142,1,7,0,casa_sopocachi
140,3,7,0,139,0,10,1,casa_sopocachi
131,9,10,0,130,1,18,1,casa_sopocachi
103,7,40,0,103,1,46,0,casa_sopocachi
101,43,6,0,98,2,47,3,casa_sopocachi
130,10,10,0,130,2,18,0,casa_sopocachi
132,15,3,0,132,5,13,0,casa_sopocachi
142,3,5,0,142,0,8,0,casa_sopocachi
0,0,150,0,0,0,150,0,casa_sopocachi
116,19,15,0,111,0,34,5,casa_sopocachi
97,39,13,1,97,16,36,1,casa_sopocachi
142,3,5,0,142,0,8,0,casa_sopocachi
150,0,0,0,149,0,0,1,casa_sopocachi
126,22,2,0,126,1,23,0,casa_sopocachi
137,12,1,0,137,0,13,0,casa_sopocachi
53,32,65,0,50,2,95,3,casa_sopocachi
141,3,6,0,140,0,9,1,casa_sopocachi
128,15,7,0,128,2,20,0,casa_sopocachi
138,4,8,0,138,0,12,0,casa_sopocachi
140,5,5,0,139,0,10,1,casa_sopocachi
104,12,34,0,104,3,43,0,casa_sopocachi
143,2,5,0,143,0,7,0,casa_sopocachi
150,0,0,0,150,0,0,0,casa_sopocachi
150,0,0,0,150,0,0,0,casa_sopocachi
143,3,4,0,143,0,7,0,casa_sopocachi
106,11,33,0,104,1,43,2,casa_sopocachi
137,13,0,0,134,3,10,3,casa_sopocachi
137,10,3,0,137,2,11,0,casa_sopocachi
142,4,4,0,142,1,7,0,casa_sopocachi
137,8,5,0,136,0,13,1,casa_sopocachi
139,9,2,0,138,1,10,1,casa_sopocachi
104,12,34,0,104,0,46,0,casa_sopocachi
142,3,5,0,141,0,8,1,casa_sopocachi
135,11,4,0,133,0,15,2,casa_sopocachi
120,8,22,0,120,2,28,0,casa_sopocachi
82,42,26,0,82,4,64,0,casa_sopocachi
131,15,4,0,127,0,19,4,casa_sopocachi
136,13,1,0,136,3,11,0,casa_sopocachi
150,0,0,0,150,0,0,0,casa_sopocachi
143,3,4,0,142,0,7,1,casa_sopocachi
143,4,3,0,143,0,7,0,casa_sopocachi
94,6,50,0,94,0,56,0,casa_sopocachi
150,0,0,0,150,0,0,0,casa_sopocachi
134,9,7,0,133,3,13,1,casa_sopocachi
142,2,6,0,140,0,8,2,casa_sopocachi
143,1,6,0,142,0,7,1,casa_sopocachi
120,24,6,0,117,4,26,3,casa_sopocachi
134,10,6,0,134,1,15,0,casa_sopocachi
94,10,46,0,94,4,52,0,casa_sopocachi
139,4,7,0,139,0,11,0,casa_sopocachi
143,3,4,0,143,0,7,0,casa_sopocachi
142,3,5,0,142,0,8,0,casa_sopocachi
142,2,6,0,142,0,8,0,casa_sopocachi
99,12,39,0,98,1,50,1,casa_sopocachi
150,0,0,0,150,0,0,0,casa_sopocachi
117,20,13,0,116,2,31,1,casa_sopocachi
105,14,31,0,102,0,45,3,casa_sopocachi
141,4,5,0,141,0,9,0,casa_sopocachi
133,10,7,0,133,0,17,0,casa_sopocachi
49,28,73,0,45,3,98,4,casa_sopocachi
10,47,93,0,4,11,129,6,casa_sopocachi
142,4,4,0,142,1,7,0,casa_sopocachi
124,8,18,0,124,0,26,0,casa_sopocachi
143,3,4,0,143,1,6,0,casa_sopocachi
150,0,0,0,150,0,0,0,casa_sopocachi
114,31,5,0,114,1,35,0,casa_sopocachi
143,3,4,0,143,0,7,0,casa_sopocachi
126,20,4,0,121,2,22,5,casa_sopocachi
91,18,41,0,90,0,59,1,casa_sopocachi
142,4,4,0,142,0,8,0,casa_sopocachi
140,2,8,0,140,0,10,0,casa_sopocachi
135,14,1,0,135,4,11,0,casa_sopocachi
142,3,5,0,142,1,7,0,casa_sopocachi
84,13,53,0,82,0,66,2,casa_sopocachi
94,24,32,0,90,1,55,4,casa_sopocachi
143,3,4,0,143,0,7,0,casa_sopocachi
130,12,8,0,127,1,19,3,casa_sopocachi
100,49,1,0,99,7,43,1,casa_sopocachi
139,4,7,0,139,1,10,0,casa_sopocachi
130,5,15,0,130,1,19,0,casa_sopocachi
143,2,5,0,143,0,7,0,casa_sopocachi
150,0,0,0,150,0,0,0,casa_sopocachi
10,15,125,0,7,0,140,3,casa_sopocachi
107,28,15,0,105,4,39,2,casa_sopocachi
135,9,6,0,135,1,14,0,casa_sopocachi
142,3,5,0,142,0,8,0,casa_sopocachi
137,10,3,0,137,2,11,0,casa_sopocachi
135,12,3,0,135,0,15,0,casa_sopocachi
137,9,4,0,137,0,13,0,casa_sopocachi
52,34,64,0,49,3,95,3,casa_sopocachi
144,2,4,0,143,0,6,1,casa_sopocachi
136,10,4,0,136,1,13,0,casa_sopocachi
137,10,3,0,136,0,13,1,casa_sopocachi
131,10,9,0,130,3,16,1,casa_sopocachi
135,12,3,0,135,3,12,0,casa_sopocachi
136,10,4,0,135,0,14,1,casa_sopocachi
109,11,30,0,108,1,40,1,casa_sopocachi
141,4,5,0,140,0,9,1,casa_sopocachi
135,13,2,0,135,4,11,0,casa_sopocachi
142,2,6,0,141,0,8,1,casa_sopocachi
144,6,0,0,140,6,0,4,casa_sopocachi
141,3,6,0,141,1,8,0,casa_sopocachi
143,2,5,0,142,0,7,1,casa_sopocachi
141,3,6,0,141,0,9,0,casa_sopocachi
139,2,9,0,138,0,11,1,casa_sopocachi
142,3,5,0,142,0,8,0,casa_sopocachi
150,0,0,0,150,0,0,0,casa_sopocachi
150,0,0,0,150,0,0,0,casa_sopocachi
135,10,5,0,135,0,15,0,casa_sopocachi
45,50,55,0,45,10,95,0,casa_sopocachi
111,11,28,0,111,1,38,0,casa_sopocachi
135,15,0,0,134,1,14,1,casa_sopocachi
134,12,4,0,134,3,13,0,casa_sopocachi
91,14,45,0,90,4,55,1,casa_sopocachi
142,4,4,0,142,2,6,0,casa_sopocachi
140,4,6,0,140,0,10,0,casa_sopocachi
134,14,2,0,132,0,16,2,casa_sopocachi
138,10,2,0,135,0,12,3,casa_sopocachi
138,11,1,0,137,0,12,1,casa_sopocachi
82,31,37,0,81,0,68,1,casa_sopocachi
136,3,11,0,136,0,14,0,casa_sopocachi
142,4,4,0,142,0,8,0,casa_sopocachi
139,8,3,0,139,0,11,0,casa_sopocachi
141,4,5,0,141,2,7,0,casa_sopocachi
143,2,5,0,143,0,7,0,casa_sopocachi
143,3,4,0,143,0,7,0,casa_sopocachi
144,2,4,0,144,0,6,0,casa_sopocachi
150,0,0,0,150,0,0,0,casa_sopocachi
120,7,23,0,120,0,30,0,casa_sopocachi
104,15,31,0,102,2,44,2,casa_sopocachi
142,3,5,0,142,0,8,0,casa_sopocachi
133,11,6,0,133,2,15,0,casa_sopocachi
139,8,3,0,139,2,9,0,casa_sopocachi
134,9,7,0,132,1,15,2,casa_sopocachi
143,3,4,0,143,1,6,0,casa_sopocachi
59,12,79,0,59,3,88,0,casa_sopocachi
140,1,9,0,140,0,10,0,casa_sopocachi
141,3,6,0,139,0,9,2,casa_sopocachi
144,2,4,0,144,0,6,0,casa_sopocachi
131,12,7,0,130,0,19,1,casa_sopocachi
142,3,5,0,141,0,8,1,casa_sopocachi
150,0,0,0,150,0,0,0,casa_sopocachi
135,15,0,0,134,0,15,1,casa_sopocachi
138,4,8,0,138,0,12,0,casa_sopocachi
115,12,23,0,114,0,35,1,casa_sopocachi
140,9,1,0,140,2,8,0,casa_sopocachi
90,55,5,0,90,10,50,0,casa_sopocachi
137,12,1,0,137,1,12,0,casa_sopocachi
40,60,50,0,32,8,102,8,casa_sopocachi
111,9,30,0,111,0,39,0,casa_sopocachi
143,3,4,0,143,0,7,0,casa_sopocachi
139,9,2,0,139,0,11,0,colegio_miraflores
150,0,0,0,150,0,0,0,colegio_miraflores
92,23,35,0,92,1,57,0,colegio_miraflores
138,4,8,0,138,0,12,0,colegio_miraflores
79,5,66,0,79,1,70,0,colegio_miraflores
90,20,40,0,90,1,59,0,colegio_miraflores
135,14,1,0,135,1,14,0,colegio_miraflores
135,13,2,0,134,2,13,1,colegio_miraflores
85,7,58,0,85,0,65,0,colegio_miraflores
138,4,8,0,138,0,12,0,colegio_miraflores
136,5,9,0,136,1,13,0,colegio_miraflores
133,6,11,0,133,0,17,0,colegio_miraflores
132,4,14,0,132,0,18,0,colegio_miraflores
138,4,8,0,138,0,12,0,colegio_miraflores
137,9,4,0,137,0,13,0,colegio_miraflores
140,4,6,0,140,0,10,0,colegio_miraflores
133,10,7,0,133,0,17,0,colegio_miraflores
128,10,11,1,122,1,20,7,colegio_miraflores
135,10,5,0,135,1,14,0,colegio_miraflores
133,10,7,0,133,0,17,0,colegio_miraflores
60,8,82,0,59,0,90,1,colegio_miraflores
89,13,48,0,89,1,60,0,colegio_miraflores
139,4,7,0,139,0,11,0,colegio_miraflores
134,11,5,0,134,1,15,0,colegio_miraflores
137,5,8,0,136,1,12,1,colegio_miraflores
81,5,64,0,81,0,69,0,colegio_miraflores
150,0,0,0,150,0,0,0,colegio_miraflores
137,10,3,0,136,0,13,1,colegio_miraflores
136,11,3,0,135,0,14,1,colegio_miraflores
138,9,3,0,136,0,12,2,colegio_miraflores
133,10,7,0,133,1,16,0,colegio_miraflores
138,3,9,0,137,0,12,1,colegio_miraflores
131,15,4,0,130,0,19,1,colegio_miraflores
136,13,1,0,136,0,14,0,colegio_miraflores
137,8,5,0,137,1,12,0,colegio_miraflores
131,16,3,0,131,2,17,0,colegio_miraflores
134,11,5,0,133,0,16,1,colegio_miraflores
138,4,8,0,138,0,12,0,colegio_miraflores
92,21,37,0,92,3,55,0,colegio_miraflores
138,4,8,0,137,0,12,1,colegio_miraflores
45,20,85,0,43,1,104,2,colegio_miraflores
131,6,13,0,130,0,19,1,colegio_miraflores
137,11,2,0,137,0,13,0,colegio_miraflores
141,2,7,0,140,0,9,1,colegio_miraflores
150,0,0,0,150,0,0,0,colegio_miraflores
139,4,7,0,139,0,11,0,colegio_miraflores
100,7,43,0,100,0,50,0,colegio_miraflores
133,8,9,0,132,0,17,1,colegio_miraflores
40,16,94,0,39,0,110,1,colegio_miraflores
120,9,21,0,120,1,29,0,colegio_miraflores
132,6,12,0,132,1,17,0,colegio_miraflores
139,4,7,0,139,1,10,0,colegio_miraflores
135,4,11,0,135,1,14,0,colegio_miraflores
132,14,4,0,132,0,18,0,colegio_miraflores
136,14,0,0,136,4,10,0,colegio_miraflores
138,4,8,0,138,0,12,0,colegio_miraflores
136,12,2,0,136,1,13,0,colegio_miraflores
139,5,6,0,139,1,10,0,colegio_miraflores
136,5,9,0,135,0,14,1,colegio_miraflores
137,12,1,0,135,0,13,2,colegio_miraflores
137,11,2,0,137,0,13,0,colegio_miraflores
107,17,26,0,106,0,43,1,colegio_miraflores
139,4,7,0,138,0,11,1,colegio_miraflores
150,0,0,0,150,0,0,0,colegio_miraflores
55,15,80,0,53,1,94,2,colegio_miraflores
139,4,7,0,139,1,10,0,colegio_miraflores
137,4,9,0,137,0,13,0,colegio_miraflores
139,4,7,0,139,0,11,0,colegio_miraflores
138,4,8,0,138,0,12,0,colegio_miraflores
136,12,2,0,136,0,14,0,colegio_miraflores
120,7,23,0,120,1,29,0,colegio_miraflores
79,30,41,0,78,0,71,1,colegio_miraflores
136,13,1,0,136,2,12,0,colegio_miraflores
69,12,69,0,69,0,81,0,colegio_miraflores
133,17,0,0,133,1,16,0,colegio_miraflores
150,0,0,0,150,0,0,0,colegio_miraflores
136,4,10,0,136,2,12,0,colegio_miraflores
114,12,24,0,112,0,36,2,colegio_miraflores
137,5,8,0,137,0,13,0,colegio_miraflores
137,10,3,0,136,0,13,1,colegio_miraflores
127,16,7,0,122,1,22,5,colegio_miraflores
137,5,8,0,136,0,13,1,colegio_miraflores
150,0,0,0,150,0,0,0,colegio_miraflores
150,0,0,0,150,0,0,0,colegio_miraflores
111,16,23,0,111,2,37,0,colegio_miraflores
135,7,8,0,135,1,14,0,colegio_miraflores
138,4,8,0,137,0,12,1,colegio_miraflores
118,32,0,0,117,15,17,1,colegio_miraflores
140,3,7,0,140,0,10,0,colegio_miraflores
137,4,9,0,137,0,13,0,colegio_miraflores
136,13,1,0,136,2,12,0,colegio_miraflores
125,12,13,0,124,0,25,1,colegio_miraflores
56,6,88,0,56,0,94,0,colegio_miraflores
138,5,7,0,138,0,12,0,colegio_miraflores
138,4,8,0,138,1,11,0,colegio_miraflores
135,10,5,0,133,0,15,2,colegio_miraflores
108,7,35,0,108,1,41,0,colegio_miraflores
137,10,3,0,136,0,13,1,colegio_miraflores
134,5,11,0,134,0,16,0,colegio_miraflores
136,9,5,0,136,0,14,0,colegio_miraflores
150,0,0,0,150,0,0,0,colegio_miraflores
136,12,2,0,136,0,14,0,colegio_miraflores
123,10,17,0,122,0,27,1,colegio_miraflores
89,8,53,0,89,0,61,0,colegio_miraflores
137,4,9,0,137,0,13,0,colegio_miraflores
109,9,32,0,109,2,39,0,colegio_miraflores
55,12,83,0,55,1,94,0,colegio_miraflores
136,5,9,0,136,0,14,0,colegio_miraflores
136,6,8,0,136,0,14,0,colegio_miraflores
90,4,56,0,88,1,59,2,colegio_miraflores
37,20,93,0,36,0,113,1,colegio_miraflores
136,5,9,0,136,0,14,0,colegio_miraflores
136,5,9,0,135,0,14,1,colegio_miraflores
113,15,22,0,109,2,35,4,colegio_miraflores
136,4,10,0,136,0,14,0,colegio_miraflores
150,0,0,0,150,0,0,0,colegio_miraflores
97,8,45,0,97,0,53,0,colegio_miraflores
135,8,7,0,135,1,14,0,colegio_miraflores
133,14,3,0,132,0,17,1,colegio_miraflores
90,10,50,0,90,0,60,0,colegio_miraflores
136,7,7,0,136,0,14,0,colegio_miraflores
129,14,7,0,129,0,21,0,colegio_miraflores
137,4,9,0,137,0,13,0,colegio_miraflores
140,5,5,0,140,1,9,0,colegio_miraflores
136,9,5,0,136,1,13,0,colegio_miraflores
134,12,4,0,134,0,16,0,colegio_miraflores
139,4,7,0,139,1,10,0,colegio_miraflores
133,13,4,0,133,1,16,0,colegio_miraflores
132,7,11,0,132,0,18,0,colegio_miraflores
141,3,6,0,140,0,9,1,colegio_miraflores
138,8,4,0,137,0,12,1,colegio_miraflores
133,13,4,0,131,1,16,2,colegio_miraflores
131,4,15,0,130,0,19,1,colegio_miraflores
137,12,1,0,134,0,13,3,colegio_miraflores
138,4,8,0,138,0,12,0,colegio_miraflores
150,0,0,0,150,0,0,0,colegio_miraflores
135,3,12,0,135,0,15,0,colegio_miraflores
139,4,7,0,139,1,10,0,colegio_miraflores
137,5,8,0,137,0,13,0,colegio_miraflores
137,4,9,0,137,0,13,0,colegio_miraflores
130,7,13,0,130,1,19,0,colegio_miraflores
134,5,11,0,134,0,16,0,colegio_miraflores
123,18,9,0,123,6,21,0,colegio_miraflores
137,10,3,0,137,0,13,0,colegio_miraflores
137,10,3,0,137,0,13,0,colegio_miraflores
119,20,11,0,112,3,28,7,colegio_miraflores
138,4,8,0,137,0,12,1,colegio_miraflores
137,5,8,0,137,0,13,0,colegio_miraflores
138,5,7,0,138,0,12,0,colegio_miraflores
133,7,10,0,133,0,17,0,colegio_miraflores
133,6,11,0,133,0,17,0,colegio_miraflores
136,6,8,0,136,0,14,0,colegio_miraflores
137,5,8,0,137,0,13,0,colegio_miraflores
150,0,0,0,150,0,0,0,colegio_miraflores
139,2,9,0,138,0,11,1,colegio_miraflores
139,4,7,0,139,0,11,0,colegio_miraflores
139,5,6,0,139,0,11,0,colegio_miraflores
137,12,1,0,136,0,13,1,colegio_miraflores
116,27,7,0,110,0,34,6,colegio_miraflores
134,5,11,0,134,0,16,0,colegio_miraflores
136,13,1,0,136,0,14,0,colegio_miraflores
131,8,11,0,131,0,19,0,colegio_miraflores
114,11,25,0,113,0,36,1,colegio_miraflores
85,11,54,0,85,0,65,0,colegio_miraflores
136,6,8,0,136,2,12,0,colegio_miraflores
137,9,4,0,136,0,13,1,colegio_miraflores
139,3,8,0,139,1,10,0,colegio_miraflores
137,8,5,0,137,0,13,0,colegio_miraflores
138,7,5,0,137,0,12,1,colegio_miraflores
138,9,3,0,138,1,11,0,colegio_miraflores
126,15,9,0,124,2,22,2,colegio_miraflores
140,4,6,0,140,0,10,0,colegio_miraflores
131,7,12,0,130,0,19,1,colegio_miraflores
133,13,4,0,132,0,17,1,colegio_miraflores
137,11,2,0,137,0,13,0,colegio_miraflores
14,97,39,0,11,1,135,3,colegio_miraflores
136,6,8,0,136,1,13,0,colegio_miraflores
136,10,4,0,136,0,14,0,colegio_miraflores
75,7,68,0,75,1,74,0,colegio_miraflores
39,9,102,0,39,1,110,0,colegio_miraflores
136,7,7,0,136,0,14,0,colegio_miraflores
138,8,4,0,138,1,11,0,colegio_miraflores
136,9,5,0,135,0,14,1,colegio_miraflores
140,4,6,0,140,0,10,0,colegio_miraflores
135,7,8,0,134,1,14,1,colegio_miraflores
139,4,7,0,138,0,11,1,colegio_miraflores
135,10,5,0,135,1,14,0,colegio_miraflores
101,21,28,0,99,0,49,2,colegio_miraflores
134,9,7,0,134,0,16,0,colegio_miraflores
133,13,4,0,133,0,17,0,colegio_miraflores
137,9,4,0,136,0,13,1,colegio_miraflores
130,6,14,0,129,0,20,1,colegio_miraflores
126,12,12,0,126,1,23,0,colegio_miraflores
128,19,3,0,127,0,22,1,colegio_miraflores
91,10,49,0,87,0,59,4,colegio_miraflores
64,19,67,0,64,7,79,0,colegio_miraflores
135,4,11,0,135,1,14,0,colegio_miraflores
135,12,3,0,135,2,13,0,colegio_miraflores
134,7,9,0,134,1,15,0,colegio_miraflores
139,3,8,0,139,0,11,0,colegio_miraflores
115,23,12,0,113,1,34,2,colegio_miraflores
150,0,0,0,150,0,0,0,colegio_miraflores
132,5,13,0,131,0,18,1,colegio_miraflores
137,5,8,0,137,0,13,0,colegio_miraflores
57,8,85,0,57,1,92,0,colegio_miraflores
134,13,3,0,134,0,16,0,colegio_miraflores
138,6,6,0,138,0,12,0,colegio_miraflores
135,6,9,0,135,0,15,0,colegio_miraflores
103,22,25,0,102,0,47,1,colegio_miraflores
68,16,66,0,68,1,81,0,colegio_miraflores
137,4,9,0,137,0,13,0,colegio_miraflores
132,7,11,0,131,0,18,1,colegio_miraflores
136,13,1,0,136,3,11,0,colegio_miraflores
136,11,3,0,135,1,13,1,colegio_miraflores
132,6,12,0,132,1,17,0,colegio_miraflores
150,0,0,0,150,0,0,0,colegio_miraflores
136,7,7,0,136,0,14,0,colegio_miraflores
101,11,38,0,101,0,49,0,colegio_miraflores
128,12,10,0,125,0,22,3,colegio_miraflores
95,7,48,0,93,0,55,2,colegio_miraflores
46,13,91,0,46,0,104,0,colegio_miraflores
134,6,10,0,134,1,15,0,colegio_miraflores
126,13,11,0,126,0,24,0,colegio_miraflores
136,5,9,0,136,0,14,0,colegio_miraflores
134,15,1,0,134,1,15,0,colegio_miraflores
139,5,6,0,138,0,11,1,colegio_miraflores
136,14,0,0,134,2,12,2,colegio_miraflores
150,0,0,0,150,0,0,0,colegio_miraflores
136,10,4,0,136,1,13,0,colegio_miraflores
124,10,16,0,119,0,26,5,colegio_miraflores
135,14,1,0,135,0,15,0,colegio_miraflores
96,20,34,0,96,1,53,0,colegio_miraflores
150,0,0,0,150,0,0,0,colegio_miraflores
109,10,31,0,109,1,40,0,colegio_miraflores
150,0,0,0,150,0,0,0,colegio_miraflores
96,8,46,0,95,0,54,1,colegio_miraflores
137,11,2,0,137,0,13,0,colegio_miraflores
45,9,96,0,45,0,105,0,colegio_miraflores
150,0,0,0,150,0,0,0,colegio_miraflores
138,5,7,0,138,0,12,0,colegio_miraflores
133,7,10,0,133,1,16,0,colegio_miraflores
134,5,11,0,134,0,16,0,colegio_miraflores
136,8,6,0,134,0,14,2,colegio_miraflores
26,9,115,0,25,0,124,1,colegio_miraflores
136,5,9,0,136,0,14,0,colegio_miraflores
138,4,8,0,137,0,12,1,colegio_miraflores
140,4,6,0,140,0,10,0,colegio_miraflores
139,5,6,0,139,1,10,0,colegio_miraflores
59,11,80,0,58,0,91,1,colegio_miraflores
107,16,27,0,105,0,43,2,colegio_miraflores
77,13,60,0,77,4,69,0,colegio_miraflores
138,5,7,0,138,1,11,0,colegio_miraflores
96,41,13,0,95,7,47,1,colegio_miraflores
135,13,2,0,134,0,15,1,colegio_miraflores
135,8,7,0,135,0,15,0,colegio_miraflores
138,8,4,0,137,1,11,1,colegio_miraflores
85,10,55,0,84,4,61,1,colegio_miraflores
137,4,9,0,137,0,13,0,colegio_miraflores
140,2,8,0,140,0,10,0,colegio_miraflores
140,9,1,0,140,0,10,0,colegio_miraflores
134,12,4,0,134,0,16,0,colegio_miraflores
135,9,6,0,134,0,15,1,colegio_miraflores
137,4,9,0,136,0,13,1,colegio_miraflores
47,24,79,0,46,0,103,1,colegio_miraflores
108,6,36,0,107,3,39,1,colegio_miraflores
132,13,5,0,132,1,17,0,colegio_miraflores
136,5,9,0,136,0,14,0,colegio_miraflores
137,4,9,0,136,0,13,1,colegio_miraflores
109,6,35,0,109,3,38,0,colegio_miraflores
141,3,6,0,141,0,9,0,colegio_miraflores
135,5,10,0,135,0,15,0,colegio_miraflores
150,0,0,0,150,0,0,0,colegio_miraflores
126,6,18,0,124,0,24,2,colegio_miraflores
121,21,8,0,119,1,28,2,colegio_miraflores
137,6,7,0,137,0,13,0,colegio_miraflores
77,8,65,0,77,1,72,0,colegio_miraflores
134,11,5,0,134,1,15,0,colegio_miraflores
138,9,3,0,137,0,12,1,colegio_miraflores
137,6,7,0,137,2,11,0,colegio_miraflores
95,11,44,0,95,0,55,0,colegio_miraflores
133,5,12,0,133,0,17,0,colegio_miraflores
127,17,6,0,127,0,23,0,colegio_miraflores
134,5,11,0,134,1,15,0,colegio_miraflores
139,4,7,0,139,0,11,0,colegio_miraflores
138,5,7,0,137,0,12,1,colegio_miraflores
136,5,9,0,136,1,13,0,colegio_miraflores
139,3,8,0,138,0,11,1,colegio_miraflores
114,14,22,0,112,0,36,2,colegio_miraflores
133,6,11,0,132,0,17,1,colegio_miraflores
136,10,4,0,136,1,13,0,colegio_miraflores
138,8,4,0,136,0,12,2,colegio_miraflores
138,4,8,0,138,0,12,0,colegio_miraflores
139,10,1,0,139,1,10,0,colegio_miraflores
136,5,9,0,136,0,14,0,colegio_miraflores
71,44,35,0,62,1,78,9,colegio_miraflores
138,5,7,0,138,1,11,0,colegio_miraflores
103,26,21,0,101,0,47,2,colegio_miraflores
137,7,6,0,136,0,13,1,colegio_miraflores
61,9,80,0,59,0,89,2,colegio_miraflores
136,4,10,0,136,0,14,0,colegio_miraflores
133,15,2,0,133,1,16,0,colegio_miraflores
136,11,3,0,136,1,13,0,colegio_miraflores
136,5,9,0,136,0,14,0,colegio_miraflores
137,6,7,0,136,0,13,1,colegio_miraflores
93,14,43,0,93,2,55,0,colegio_miraflores
139,4,7,0,139,0,11,0,colegio_miraflores
138,5,7,0,138,0,12,0,colegio_miraflores
138,5,7,0,138,0,12,0,colegio_miraflores
135,5,10,0,135,0,15,0,colegio_miraflores
133,12,5,0,133,1,16,0,colegio_miraflores
51,13,86,0,50,2,97,1,colegio_miraflores
134,12,4,0,133,1,15,1,colegio_miraflores
136,10,4,0,136,1,13,0,colegio_miraflores
139,4,7,0,139,0,11,0,colegio_miraflores
95,7,48,0,93,0,55,2,colegio_miraflores
137,5,8,0,137,0,13,0,colegio_miraflores
134,5,11,0,134,0,16,0,colegio_miraflores
139,5,6,0,139,0,11,0,colegio_miraflores
150,0,0,0,150,0,0,0,colegio_miraflores
107,13,30,0,107,3,40,0,colegio_miraflores
133,6,11,0,133,0,17,0,colegio_miraflores
136,5,9,0,136,0,14,0,colegio_miraflores
134,5,11,0,133,0,16,1,colegio_miraflores
150,0,0,0,150,0,0,0,colegio_miraflores
135,14,1,0,135,3,12,0,colegio_miraflores
111,11,28,0,111,1,38,0,colegio_miraflores
150,0,0,0,150,0,0,0,colegio_miraflores
132,9,9,0,132,1,17,0,colegio_miraflores
135,11,4,0,134,0,15,1,colegio_miraflores
110,20,20,0,110,4,36,0,colegio_miraflores
139,4,7,0,138,0,11,1,colegio_miraflores
109,21,20,0,109,4,37,0,colegio_miraflores
148,2,0,0,142,1,1,6,colegio_miraflores
139,3,8,0,138,0,11,1,colegio_miraflores
134,13,3,0,134,0,16,0,colegio_miraflores
123,15,12,0,121,0,27,2,colegio_miraflores
72,9,69,0,70,0,78,2,colegio_miraflores
129,6,15,0,129,2,19,0,colegio_miraflores
51,31,68,0,48,2,97,3,colegio_miraflores
122,11,17,0,122,0,28,0,colegio_miraflores
86,15,49,0,86,2,62,0,colegio_miraflores
131,5,14,0,130,0,19,1,colegio_miraflores
137,8,5,0,135,0,13,2,colegio_miraflores
139,4,7,0,139,1,10,0,colegio_miraflores
132,5,13,0,132,0,18,0,colegio_miraflores
133,14,3,0,133,1,16,0,colegio_miraflores
136,6,8,0,136,1,13,0,colegio_miraflores
68,15,67,0,67,0,82,1,colegio_miraflores
130,17,3,0,130,2,18,0,colegio_miraflores
135,11,4,0,135,2,13,0,colegio_miraflores
137,5,8,0,137,1,12,0,colegio_miraflores
135,5,10,0,134,0,15,1,colegio_miraflores
135,14,1,0,135,0,15,0,colegio_miraflores
131,19,0,0,131,3,16,0,colegio_miraflores
138,5,7,0,138,0,12,0,colegio_miraflores
132,14,4,0,131,2,16,1,colegio_miraflores
139,4,7,0,139,0,11,0,colegio_miraflores
138,4,8,0,138,0,12,0,colegio_miraflores
137,9,4,0,137,0,13,0,colegio_miraflores
108,26,16,0,108,3,39,0,colegio_miraflores
139,4,7,0,139,0,11,0,colegio_miraflores
143,7,0,0,143,5,2,0,colegio_miraflores
101,13,36,0,101,0,49,0,colegio_miraflores
150,0,0,0,150,0,0,0,colegio_miraflores
136,11,3,0,136,0,14,0,colegio_miraflores
98,23,29,0,98,2,50,0,colegio_miraflores
119,26,5,0,119,5,26,0,colegio_miraflores
139,4,7,0,139,0,11,0,colegio_miraflores
136,4,10,0,135,0,14,1,colegio_miraflores
138,5,7,0,138,0,12,0,colegio_miraflores
137,3,10,0,136,0,13,1,colegio_miraflores
138,4,8,0,138,0,12,0,colegio_miraflores
135,11,4,0,135,0,15,0,colegio_miraflores
135,5,10,0,135,0,15,0,colegio_miraflores
139,3,8,0,138,0,11,1,colegio_miraflores
138,9,3,0,138,0,12,0,colegio_miraflores
137,11,2,0,136,0,13,1,colegio_miraflores
63,46,41,0,61,3,84,2,colegio_miraflores
137,7,6,0,137,2,11,0,colegio_miraflores
150,0,0,0,150,0,0,0,colegio_miraflores
118,5,27,0,118,0,32,0,colegio_miraflores
137,8,5,0,136,0,13,1,colegio_miraflores
136,12,2,0,136,1,13,0,colegio_miraflores
137,4,9,0,136,0,13,1,colegio_miraflores
105,23,22,0,105,3,42,0,colegio_miraflores
139,4,7,0,138,0,11,1,colegio_miraflores
136,12,2,0,135,1,13,1,colegio_miraflores
96,22,32,0,95,0,54,1,colegio_miraflores
139,5,6,0,139,0,11,0,colegio_miraflores
150,0,0,0,150,0,0,0,colegio_miraflores
99,17,34,0,99,0,51,0,colegio_miraflores
136,12,2,0,136,0,14,0,colegio_miraflores
132,12,6,0,132,0,18,0,colegio_miraflores
96,33,21,0,96,2,52,0,colegio_miraflores
136,5,9,0,136,1,13,0,colegio_miraflores
139,4,7,0,139,0,11,0,colegio_miraflores
129,8,13,0,129,0,21,0,colegio_miraflores
138,4,8,0,138,0,12,0,colegio_miraflores
138,10,2,0,138,2,10,0,colegio_miraflores
138,3,9,0,137,0,12,1,colegio_miraflores
138,3,9,0,138,0,12,0,colegio_miraflores
150,0,0,0,150,0,0,0,colegio_miraflores
150,0,0,0,150,0,0,0,colegio_miraflores
139,4,7,0,139,0,11,0,colegio_miraflores
133,11,6,0,133,0,17,0,colegio_miraflores
34,12,104,0,33,0,116,1,colegio_miraflores
134,14,2,0,134,0,16,0,colegio_miraflores
150,0,0,0,150,0,0,0,colegio_miraflores
135,6,9,0,135,0,15,0,colegio_miraflores
134,10,6,0,134,0,16,0,colegio_miraflores
104,15,31,0,104,1,45,0,colegio_miraflores
139,4,7,0,139,0,11,0,colegio_miraflores
135,4,11,0,135,0,15,0,colegio_miraflores
138,9,3,0,137,0,12,1,colegio_miraflores
81,12,57,0,80,0,69,1,colegio_miraflores
135,14,1,0,133,0,15,2,colegio_miraflores
48,30,72,0,44,1,101,4,colegio_miraflores
133,11,6,0,132,0,17,1,colegio_miraflores
140,4,6,0,140,0,10,0,colegio_miraflores
7,12,131,0,7,2,141,0,colegio_miraflores
140,4,6,0,140,0,10,0,colegio_miraflores
135,5,10,0,135,0,15,0,colegio_miraflores
139,4,7,0,139,0,11,0,colegio_miraflores
140,4,6,0,140,1,9,0,colegio_miraflores
134,16,0,0,134,0,16,0,colegio_miraflores
150,0,0,0,150,0,0,0,colegio_miraflores
139,4,7,0,138,0,11,1,colegio_miraflores
137,5,8,0,137,0,13,0,colegio_miraflores
137,5,8,0,137,0,13,0,colegio_miraflores
120,11,19,0,120,0,30,0,colegio_miraflores
16,49,85,0,13,1,133,3,colegio_miraflores
80,18,52,0,80,2,68,0,colegio_miraflores
138,5,7,0,138,1,11,0,colegio_miraflores
139,5,6,0,139,0,11,0,colegio_miraflores
136,5,9,0,136,0,14,0,colegio_miraflores
137,11,2,0,136,0,13,1,colegio_miraflores
136,11,3,0,136,1,13,0,colegio_miraflores
137,8,5,0,137,0,13,0,colegio_miraflores
135,11,4,0,135,1,14,0,colegio_miraflores
136,9,5,0,136,1,13,0,colegio_miraflores
137,11,2,0,137,1,12,0,colegio_miraflores
138,10,2,0,137,0,12,1,colegio_miraflores
135,9,6,0,128,0,15,7,colegio_miraflores
137,4,9,0,136,0,13,1,colegio_miraflores
99,23,28,0,96,2,49,3,colegio_miraflores
134,15,1,0,134,2,14,0,colegio_miraflores
137,5,8,0,137,0,13,0,colegio_miraflores
137,11,2,0,137,0,13,0,colegio_miraflores
102,40,8,0,93,2,46,9,colegio_miraflores
65,14,71,0,65,1,84,0,colegio_miraflores
91,20,39,0,90,3,56,1,colegio_miraflores
137,5,8,0,137,0,13,0,colegio_miraflores
76,8,66,0,76,1,73,0,colegio_miraflores
129,11,10,0,129,2,19,0,colegio_miraflores
43,39,68,0,40,4,103,3,colegio_miraflores
131,6,13,0,131,4,15,0,colegio_miraflores
85,6,59,0,84,0,65,1,colegio_miraflores
137,11,2,0,137,1,12,0,colegio_miraflores
141,4,5,0,141,1,8,0,colegio_miraflores
150,0,0,0,150,0,0,0,colegio_miraflores
150,0,0,0,150,0,0,0,colegio_miraflores
100,9,41,0,99,0,50,1,colegio_miraflores
100,9,41,0,100,0,50,0,colegio_miraflores
109,15,26,0,106,0,41,3,colegio_miraflores
136,5,9,0,136,1,13,0,colegio_miraflores
139,5,6,0,139,0,11,0,colegio_miraflores
103,16,31,0,97,1,46,6,colegio_miraflores
135,5,10,0,135,1,14,0,colegio_miraflores
71,47,32,0,69,0,79,2,colegio_miraflores
138,4,8,0,138,0,12,0,colegio_miraflores
135,10,5,0,135,0,15,0,colegio_miraflores
150,0,0,0,150,0,0,0,colegio_miraflores
136,5,9,0,136,0,14,0,colegio_miraflores
134,13,3,0,132,1,15,2,colegio_miraflores
131,12,6,1,130,1,17,2,colegio_miraflores
138,4,8,0,137,0,12,1,colegio_miraflores
131,14,5,0,131,5,14,0,colegio_miraflores
136,9,5,0,136,1,13,0,colegio_miraflores
138,4,8,0,138,0,12,0,colegio_miraflores
96,7,47,0,96,2,52,0,colegio_miraflores
135,10,5,0,134,0,15,1,colegio_miraflores
139,4,7,0,139,0,11,0,colegio_miraflores
60,13,77,0,60,1,89,0,colegio_miraflores
134,6,10,0,134,1,15,0,colegio_miraflores
115,17,18,0,114,1,34,1,colegio_miraflores
141,3,6,0,141,0,9,0,colegio_miraflores
139,3,8,0,139,0,11,0,colegio_miraflores
138,12,0,0,134,4,8,4,colegio_miraflores
133,5,12,0,133,1,16,0,colegio_miraflores
26,88,36,0,24,12,112,2,colegio_miraflores
134,14,2,0,134,0,16,0,colegio_miraflores
135,4,11,0,134,0,15,1,colegio_miraflores
136,11,3,0,136,0,14,0,colegio_miraflores
134,6,10,0,134,1,15,0,colegio_miraflores
136,6,8,0,136,1,13,0,colegio_miraflores
137,5,8,0,137,0,13,0,colegio_miraflores
137,5,8,0,137,0,13,0,colegio_miraflores
132,15,3,0,132,0,18,0,colegio_miraflores
137,9,4,0,136,0,13,1,colegio_miraflores
136,9,5,0,135,1,13,1,colegio_miraflores
150,0,0,0,150,0,0,0,colegio_miraflores
150,0,0,0,150,0,0,0,colegio_miraflores
130,7,13,0,130,0,20,0,colegio_miraflores
130,17,3,0,129,0,20,1,colegio_miraflores
138,5,7,0,138,0,12,0,colegio_miraflores
131,9,10,0,131,0,19,0,colegio_miraflores
135,9,6,0,134,0,15,1,colegio_miraflores
113,25,12,0,113,2,35,0,colegio_miraflores
139,3,8,0,139,0,11,0,colegio_miraflores
136,7,7,0,135,0,14,1,colegio_miraflores
136,7,7,0,136,0,14,0,colegio_miraflores
119,6,25,0,118,0,31,1,colegio_miraflores
134,11,5,0,133,0,16,1,colegio_miraflores
136,9,5,0,136,1,13,0,colegio_miraflores
136,13,1,0,136,0,14,0,colegio_miraflores
150,0,0,0,150,0,0,0,colegio_miraflores
134,6,10,0,134,0,16,0,colegio_miraflores
135,4,11,0,135,0,15,0,colegio_miraflores
136,11,3,0,135,0,14,1,colegio_miraflores
137,9,4,0,137,1,12,0,colegio_miraflores
133,11,6,0,131,0,17,2,colegio_miraflores
136,11,3,0,136,1,13,0,colegio_miraflores
133,12,5,0,133,2,15,0,colegio_miraflores
121,20,9,0,118,1,28,3,colegio_miraflores
135,4,11,0,135,0,15,0,colegio_miraflores
126,14,10,0,126,1,23,0,colegio_miraflores
135,10,5,0,133,0,15,2,colegio_miraflores
96,16,38,0,96,1,53,0,colegio_miraflores
139,4,7,0,139,0,11,0,colegio_miraflores
136,11,3,0,136,1,13,0,colegio_miraflores
100,14,36,0,100,1,49,0,colegio_miraflores
91,10,49,0,90,0,59,1,colegio_miraflores
136,5,9,0,136,0,14,0,colegio_miraflores
87,12,51,0,87,1,62,0,colegio_miraflores
78,33,39,0,77,1,71,1,colegio_miraflores
136,11,3,0,136,2,12,0,colegio_miraflores
138,4,8,0,137,0,12,1,colegio_miraflores
133,6,11,0,132,0,17,1,colegio_miraflores
134,12,4,0,134,0,16,0,colegio_miraflores
33,64,53,0,33,9,108,0,colegio_miraflores
150,0,0,0,150,0,0,0,colegio_miraflores
139,10,1,0,139,0,11,0,colegio_miraflores
139,5,6,0,139,1,10,0,colegio_miraflores
140,10,0,0,139,3,7,1,colegio_miraflores
137,5,8,0,137,0,13,0,colegio_miraflores
99,20,31,0,99,0,51,0,colegio_miraflores
138,10,2,0,138,0,12,0,colegio_miraflores
125,9,16,0,125,1,24,0,colegio_miraflores
137,11,2,0,137,1,12,0,colegio_miraflores
112,16,22,0,111,0,38,1,colegio_miraflores
126,19,5,0,126,3,21,0,colegio_miraflores
138,4,8,0,137,0,12,1,colegio_miraflores
136,11,3,0,135,0,14,1,colegio_miraflores
138,6,6,0,138,0,12,0,colegio_miraflores
87,25,38,0,85,1,62,2,colegio_miraflores
139,4,7,0,138,0,11,1,colegio_miraflores
135,9,6,0,135,0,15,0,colegio_miraflores
135,6,9,0,135,0,15,0,colegio_miraflores
120,24,6,0,120,0,30,0,colegio_miraflores
36,51,63,0,34,4,110,2,colegio_miraflores
121,7,22,0,121,2,27,0,colegio_miraflores
150,0,0,0,150,0,0,0,colegio_miraflores
138,4,8,0,138,0,12,0,colegio_miraflores
134,5,11,0,134,1,15,0,colegio_miraflores
135,11,4,0,135,1,14,0,colegio_miraflores
133,10,7,0,133,0,17,0,colegio_miraflores
114,14,22,0,113,7,29,1,colegio_miraflores
137,11,2,0,136,0,13,1,colegio_miraflores
125,17,8,0,125,0,25,0,colegio_miraflores
130,7,13,0,130,0,20,0,colegio_miraflores
100,9,41,0,99,0,50,1,colegio_miraflores
137,4,9,0,137,0,13,0,colegio_miraflores
134,13,3,0,134,0,16,0,colegio_miraflores
138,4,8,0,138,0,12,0,colegio_miraflores
135,12,3,0,135,1,14,0,colegio_miraflores
138,8,4,0,137,0,12,1,colegio_miraflores
82,22,46,0,82,0,68,0,colegio_miraflores
89,30,31,0,87,5,56,2,colegio_miraflores
136,5,9,0,136,1,13,0,colegio_miraflores
133,5,12,0,132,0,17,1,colegio_miraflores
137,3,10,0,137,0,13,0,colegio_miraflores
138,4,8,0,138,0,12,0,colegio_miraflores
136,12,2,0,136,0,14,0,colegio_miraflores
132,13,5,0,131,0,18,1,colegio_miraflores
138,6,6,0,138,0,12,0,colegio_miraflores
134,14,2,0,134,1,15,0,colegio_miraflores
137,5,8,0,137,1,12,0,colegio_miraflores
93,9,48,0,90,0,57,3,colegio_miraflores
133,5,12,0,133,1,16,0,colegio_miraflores
135,6,9,0,134,0,15,1,colegio_miraflores
150,0,0,0,150,0,0,0,colegio_miraflores
137,4,9,0,137,0,13,0,colegio_miraflores
150,0,0,0,150,0,0,0,colegio_miraflores
150,0,0,0,150,0,0,0,colegio_miraflores
135,5,10,0,135,1,14,0,colegio_miraflores
150,0,0,0,150,0,0,0,colegio_miraflores
135,11,4,0,135,0,15,0,colegio_miraflores
150,0,0,0,150,0,0,0,colegio_miraflores
20,15,115,0,20,1,129,0,colegio_miraflores
131,12,7,0,130,0,19,1,colegio_miraflores
136,9,5,0,136,0,14,0,colegio_miraflores
110,11,29,0,109,1,39,1,colegio_miraflores
97,11,42,0,95,1,52,2,colegio_miraflores
104,20,26,0,103,1,45,1,colegio_miraflores
136,9,5,0,134,0,14,2,colegio_miraflores
137,10,3,0,137,1,12,0,colegio_miraflores
111,13,26,0,110,2,37,1,colegio_miraflores
150,0,0,0,150,0,0,0,colegio_miraflores
138,11,1,0,138,0,12,0,colegio_miraflores
83,9,58,0,82,1,66,1,colegio_miraflores
150,0,0,0,150,0,0,0,colegio_miraflores
123,19,8,0,123,1,26,0,colegio_miraflores
137,4,9,0,137,0,13,0,colegio_miraflores
135,5,10,0,135,0,15,0,colegio_miraflores
94,14,42,0,93,0,56,1,colegio_miraflores
112,12,26,0,112,1,37,0,colegio_miraflores
112,20,18,0,112,1,37,0,colegio_miraflores
138,10,2,0,138,0,12,0,colegio_miraflores
128,15,7,0,128,1,21,0,colegio_miraflores
138,7,5,0,137,0,12,1,colegio_miraflores
87,14,49,0,87,2,61,0,colegio_miraflores
137,10,3,0,136,0,13,1,colegio_miraflores
134,16,0,0,131,0,16,3,colegio_miraflores
139,3,8,0,139,1,10,0,colegio_miraflores
139,8,3,0,139,0,11,0,colegio_miraflores
150,0,0,0,150,0,0,0,colegio_miraflores
52,15,83,0,50,0,98,2,colegio_miraflores
150,0,0,0,150,0,0,0,colegio_miraflores
134,14,2,0,134,1,15,0,colegio_miraflores
141,3,6,0,140,0,9,1,colegio_miraflores
135,8,7,0,135,1,14,0,colegio_miraflores
138,5,7,0,138,0,12,0,colegio_miraflores
135,5,10,0,134,0,15,1,colegio_miraflores
134,6,10,0,134,0,16,0,colegio_miraflores
138,5,7,0,138,0,12,0,colegio_miraflores
78,10,62,0,78,0,72,0,colegio_miraflores
137,5,8,0,137,0,13,0,colegio_miraflores
137,5,8,0,136,0,13,1,colegio_miraflores
134,13,3,0,134,1,15,0,colegio_miraflores
136,7,7,0,136,0,14,0,colegio_miraflores
14,22,114,0,14,0,136,0,colegio_miraflores
120,14,16,0,120,1,29,0,colegio_miraflores
133,15,2,0,133,0,17,0,colegio_miraflores
97,8,45,0,96,1,52,1,colegio_miraflores
46,41,63,0,46,0,104,0,colegio_miraflores
106,12,32,0,106,0,44,0,colegio_miraflores
136,5,9,0,136,1,13,0,colegio_miraflores
140,3,7,0,140,0,10,0,colegio_miraflores
137,5,8,0,137,0,13,0,colegio_miraflores
93,12,45,0,93,0,57,0,colegio_miraflores
150,0,0,0,150,0,0,0,colegio_miraflores
124,14,12,0,123,0,26,1,colegio_miraflores
139,4,7,0,139,0,11,0,colegio_miraflores
135,12,3,0,135,1,14,0,colegio_miraflores
150,0,0,0,150,0,0,0,colegio_miraflores
139,4,7,0,139,1,10,0,colegio_miraflores
135,13,2,0,134,0,15,1,colegio_miraflores
139,4,7,0,139,0,11,0,colegio_miraflores
133,11,6,0,133,1,16,0,colegio_miraflores
138,4,8,0,138,0,12,0,colegio_miraflores
135,6,9,0,130,0,15,5,colegio_miraflores
136,6,8,0,135,0,14,1,colegio_miraflores
52,25,73,0,52,0,98,0,colegio_miraflores
127,20,3,0,126,2,21,1,colegio_miraflores
137,6,7,0,136,0,13,1,colegio_miraflores
134,8,8,0,134,0,16,0,colegio_miraflores
63,14,73,0,59,0,87,4,colegio_miraflores
138,7,5,0,138,0,12,0,colegio_miraflores
136,12,2,0,136,3,11,0,colegio_miraflores
133,15,2,0,133,2,15,0,colegio_miraflores
131,5,14,0,131,0,19,0,colegio_miraflores
62,33,55,0,62,5,83,0,colegio_miraflores
134,5,11,0,133,0,16,1,colegio_miraflores
132,7,11,0,132,3,15,0,colegio_miraflores
134,5,11,0,134,2,14,0,colegio_miraflores
137,6,7,0,136,0,13,1,colegio_miraflores
136,11,3,0,135,0,14,1,colegio_miraflores
53,61,36,0,52,7,90,1,colegio_miraflores
136,4,10,0,136,1,13,0,colegio_miraflores
150,0,0,0,150,0,0,0,colegio_miraflores
138,9,3,0,138,1,11,0,colegio_miraflores
138,5,7,0,137,1,11,1,colegio_miraflores
131,5,14,0,129,0,19,2,colegio_miraflores
137,11,2,0,137,0,13,0,colegio_miraflores
131,7,12,0,130,0,19,1,colegio_miraflores
139,4,7,0,138,0,11,1,colegio_miraflores
125,9,16,0,124,0,25,1,colegio_miraflores
138,4,8,0,138,0,12,0,colegio_miraflores
150,0,0,0,150,0,0,0,colegio_miraflores
138,4,8,0,138,0,12,0,colegio_miraflores
136,5,9,0,136,0,14,0,colegio_miraflores
139,5,6,0,139,0,11,0,colegio_miraflores
137,4,9,0,137,0,13,0,colegio_miraflores
46,8,96,0,46,3,101,0,colegio_miraflores
140,3,7,0,140,0,10,0,colegio_miraflores
136,5,9,0,135,0,14,1,colegio_miraflores
131,16,3,0,131,1,18,0,colegio_miraflores
137,4,9,0,137,0,13,0,colegio_miraflores
136,13,1,0,136,1,13,0,colegio_miraflores
138,5,7,0,138,1,11,0,colegio_miraflores
140,3,7,0,140,0,10,0,colegio_miraflores
132,7,11,0,131,2,16,1,colegio_miraflores
137,7,6,0,136,0,13,1,colegio_miraflores
133,14,3,0,133,0,17,0,colegio_miraflores
138,4,8,0,136,0,12,2,colegio_miraflores
134,9,7,0,134,0,16,0,colegio_miraflores
138,4,8,0,138,0,12,0,colegio_miraflores
136,7,7,0,135,0,14,1,colegio_miraflores
57,33,60,0,57,0,93,0,colegio_miraflores
61,8,81,0,61,2,87,0,colegio_miraflores
137,4,9,0,137,0,13,0,colegio_miraflores
133,12,5,0,133,0,17,0,colegio_miraflores
131,5,14,0,130,0,19,1,colegio_miraflores
132,5,13,0,132,0,18,0,colegio_miraflores
114,18,18,0,113,2,34,1,colegio_miraflores
139,5,6,0,139,0,11,0,colegio_miraflores
130,8,12,0,130,0,20,0,colegio_miraflores
133,7,10,0,132,0,17,1,colegio_miraflores
135,11,4,0,135,1,14,0,colegio_miraflores
137,4,9,0,137,1,12,0,colegio_miraflores
108,17,25,0,108,3,39,0,colegio_miraflores
138,4,8,0,138,0,12,0,colegio_miraflores
137,5,8,0,137,1,12,0,colegio_miraflores
137,9,4,0,137,2,11,0,colegio_miraflores
133,10,7,0,133,1,16,0,colegio_miraflores
137,5,8,0,137,1,12,0,colegio_miraflores
136,5,9,0,136,0,14,0,colegio_miraflores
136,12,2,0,135,0,14,1,colegio_miraflores
107,18,25,0,106,0,43,1,colegio_miraflores
138,7,5,0,137,0,12,1,colegio_miraflores
137,4,9,0,137,1,12,0,colegio_miraflores
89,34,27,0,88,8,53,1,colegio_miraflores
83,55,12,0,76,3,64,7,colegio_miraflores
150,0,0,0,150,0,0,0,colegio_miraflores
135,12,3,0,135,1,14,0,colegio_miraflores
139,4,7,0,138,0,11,1,colegio_miraflores
136,12,2,0,136,0,14,0,colegio_miraflores
130,6,14,0,130,0,20,0,colegio_miraflores
83,59,8,0,81,5,62,2,colegio_miraflores
109,8,33,0,109,1,40,0,colegio_miraflores
135,12,3,0,133,0,15,2,colegio_miraflores
136,13,1,0,136,0,14,0,colegio_miraflores
50,85,15,0,50,0,100,0,colegio_miraflores
137,10,3,0,137,0,13,0,colegio_miraflores
139,4,7,0,139,0,11,0,colegio_miraflores
137,3,10,0,137,0,13,0,colegio_miraflores
116,16,18,0,113,0,34,3,colegio_miraflores
135,6,9,0,135,0,15,0,colegio_miraflores
100,7,43,0,100,2,48,0,colegio_miraflores
135,11,4,0,135,1,14,0,colegio_miraflores
88,25,37,0,88,7,55,0,colegio_miraflores
139,10,1,0,139,2,9,0,colegio_miraflores
48,39,63,0,48,4,98,0,colegio_miraflores
138,5,7,0,138,0,12,0,colegio_miraflores
136,10,4,0,135,0,14,1,colegio_miraflores
127,9,14,0,121,1,22,6,colegio_miraflores
136,5,9,0,136,0,14,0,colegio_miraflores
150,0,0,0,150,0,0,0,colegio_miraflores
135,7,8,0,135,1,14,0,colegio_miraflores
135,15,0,0,134,0,15,1,colegio_miraflores
58,18,74,0,57,2,90,1,colegio_miraflores
115,18,17,0,114,0,35,1,colegio_miraflores
101,7,42,0,101,1,48,0,colegio_miraflores
63,55,32,0,63,2,85,0,colegio_miraflores
136,12,2,0,136,1,13,0,colegio_miraflores
137,6,7,0,137,0,13,0,colegio_miraflores
135,14,1,0,135,0,15,0,colegio_miraflores
139,7,4,0,137,0,11,2,colegio_miraflores
137,4,9,0,137,0,13,0,colegio_miraflores
97,18,35,0,97,1,52,0,colegio_miraflores
133,7,10,0,133,0,17,0,colegio_miraflores
132,16,2,0,132,4,14,0,colegio_miraflores
140,4,6,0,140,0,10,0,colegio_miraflores
150,0,0,0,150,0,0,0,colegio_miraflores
138,3,9,0,138,0,12,0,colegio_miraflores
138,5,7,0,138,0,12,0,colegio_miraflores
150,0,0,0,150,0,0,0,colegio_miraflores
135,5,10,0,133,0,15,2,colegio_miraflores
135,10,5,0,135,1,14,0,colegio_miraflores
136,8,6,0,135,0,14,1,colegio_miraflores
150,0,0,0,150,0,0,0,colegio_miraflores
137,11,2,0,136,0,13,1,colegio_miraflores
101,48,1,0,101,4,45,0,colegio_miraflores
135,10,5,0,133,0,15,2,colegio_miraflores
107,22,21,0,107,0,43,0,colegio_miraflores
134,5,11,0,134,1,15,0,colegio_miraflores
135,10,5,0,135,0,15,0,colegio_miraflores
136,11,3,0,136,0,14,0,colegio_miraflores
135,5,10,0,135,0,15,0,colegio_miraflores
136,13,1,0,135,0,14,1,colegio_miraflores
137,9,4,0,137,0,13,0,colegio_miraflores
133,8,9,0,133,0,17,0,colegio_miraflores
135,5,10,0,135,0,15,0,colegio_miraflores
150,0,0,0,150,0,0,0,colegio_miraflores
150,0,0,0,150,0,0,0,colegio_miraflores
78,15,56,1,77,5,66,2,colegio_miraflores
150,0,0,0,150,0,0,0,colegio_miraflores
137,5,8,0,137,1,12,0,colegio_miraflores
136,5,9,0,136,0,14,0,colegio_miraflores
138,4,8,0,138,1,11,0,colegio_miraflores
150,0,0,0,150,0,0,0,colegio_miraflores
133,5,12,0,132,0,17,1,colegio_miraflores
138,5,7,0,138,0,12,0,colegio_miraflores
102,9,39,0,101,0,48,1,colegio_miraflores
97,10,43,0,97,2,51,0,colegio_miraflores
104,19,27,0,103,1,45,1,colegio_miraflores
135,11,4,0,135,0,15,0,colegio_miraflores
150,0,0,0,150,0,0,0,colegio_miraflores
138,4,8,0,137,0,12,1,colegio_miraflores
42,21,87,0,41,2,106,1,colegio_miraflores
132,7,11,0,132,0,18,0,colegio_miraflores
135,5,10,0,135,0,15,0,colegio_miraflores
136,9,5,0,136,1,13,0,colegio_miraflores
136,10,4,0,135,0,14,1,colegio_miraflores
114,16,20,0,113,0,36,1,colegio_miraflores
140,4,6,0,140,0,10,0,colegio_miraflores
140,4,6,0,140,0,10,0,colegio_miraflores
76,52,21,1,75,3,70,2,colegio_miraflores
150,0,0,0,150,0,0,0,colegio_miraflores
136,8,6,0,136,2,12,0,colegio_miraflores
136,4,10,0,136,0,14,0,colegio_miraflores
134,6,10,0,134,0,16,0,colegio_miraflores
150,0,0,0,150,0,0,0,colegio_miraflores
136,10,4,0,134,0,14,2,colegio_miraflores
98,5,47,0,98,1,51,0,colegio_miraflores
136,5,9,0,136,0,14,0,colegio_miraflores
136,12,2,0,136,0,14,0,colegio_miraflores
139,4,7,0,138,0,11,1,colegio_miraflores
128,22,0,0,125,0,22,3,colegio_miraflores
63,46,41,0,62,2,85,1,colegio_miraflores
135,6,9,0,135,1,14,0,colegio_miraflores
137,12,1,0,137,1,12,0,colegio_miraflores
136,12,2,0,136,1,13,0,colegio_miraflores
139,4,7,0,139,1,10,0,colegio_miraflores
134,12,4,0,134,0,16,0,colegio_miraflores
134,10,6,0,134,2,14,0,colegio_miraflores
77,33,40,0,77,3,70,0,colegio_miraflores
86,6,58,0,81,2,62,5,colegio_miraflores
94,6,50,0,93,1,55,1,colegio_miraflores
135,5,10,0,135,1,14,0,colegio_miraflores
137,7,6,0,136,0,13,1,colegio_miraflores
135,6,9,0,135,0,15,0,colegio_miraflores
116,25,9,0,114,0,34,2,colegio_miraflores
117,20,13,0,117,0,33,0,colegio_miraflores
81,12,57,0,81,2,67,0,colegio_miraflores
139,3,8,0,139,0,11,0,colegio_miraflores
102,13,35,0,102,1,47,0,colegio_miraflores
138,5,7,0,138,0,12,0,colegio_miraflores
101,8,41,0,100,0,49,1,colegio_miraflores
138,12,0,0,138,2,10,0,colegio_miraflores
138,4,8,0,138,0,12,0,colegio_miraflores
133,9,8,0,131,0,17,2,colegio_miraflores
134,12,4,0,133,1,15,1,colegio_miraflores
130,17,3,0,130,1,19,0,colegio_miraflores
135,9,6,0,135,1,14,0,colegio_miraflores
139,4,7,0,139,0,11,0,colegio_miraflores
132,5,13,0,131,0,18,1,colegio_miraflores
140,4,6,0,139,0,10,1,colegio_miraflores
135,10,5,0,133,0,15,2,colegio_miraflores
135,11,4,0,135,1,14,0,colegio_miraflores
136,6,8,0,136,1,13,0,colegio_miraflores
137,4,9,0,136,0,13,1,colegio_miraflores
132,13,5,0,132,2,16,0,colegio_miraflores
135,6,9,0,134,0,15,1,colegio_miraflores
136,4,10,0,136,0,14,0,colegio_miraflores
138,4,8,0,138,0,12,0,colegio_miraflores
92,9,49,0,90,0,58,2,colegio_miraflores
139,4,7,0,139,0,11,0,colegio_miraflores
132,15,3,0,132,0,18,0,colegio_miraflores
135,8,7,0,133,1,14,2,colegio_miraflores
104,12,34,0,104,1,45,0,colegio_miraflores
129,6,15,0,129,2,19,0,colegio_miraflores
133,5,12,0,133,1,16,0,colegio_miraflores
139,4,7,0,138,0,11,1,colegio_miraflores
140,4,6,0,140,0,10,0,colegio_miraflores
139,4,7,0,138,0,11,1,colegio_miraflores
140,4,6,0,140,0,10,0,colegio_miraflores
107,7,36,0,107,2,41,0,colegio_miraflores
140,3,7,0,139,0,10,1,colegio_miraflores
150,0,0,0,150,0,0,0,colegio_miraflores
135,12,3,0,135,1,14,0,colegio_miraflores
136,8,6,0,136,1,13,0,colegio_miraflores
134,11,5,0,134,1,15,0,colegio_miraflores
67,9,74,0,67,1,82,0,colegio_miraflores
126,7,17,0,125,0,24,1,colegio_miraflores
150,0,0,0,150,0,0,0,colegio_miraflores
0,1,149,0,0,0,150,0,colegio_miraflores
139,5,6,0,139,2,9,0,colegio_miraflores
136,11,3,0,136,1,13,0,colegio_miraflores
119,16,15,0,118,1,30,1,colegio_miraflores
140,4,6,0,140,0,10,0,colegio_miraflores
136,5,9,0,135,0,14,1,colegio_miraflores
118,16,16,0,118,3,29,0,colegio_miraflores
133,14,3,0,133,0,17,0,colegio_miraflores
136,5,9,0,136,0,14,0,colegio_miraflores
139,11,0,0,139,2,9,0,colegio_miraflores
137,5,8,0,136,0,13,1,colegio_miraflores
117,17,16,0,117,0,33,0,colegio_miraflores
137,10,3,0,137,0,13,0,colegio_miraflores
135,5,10,0,135,0,15,0,colegio_miraflores
141,4,5,0,141,1,8,0,colegio_miraflores
60,65,25,0,60,1,89,0,colegio_miraflores
138,4,8,0,138,0,12,0,colegio_miraflores
150,0,0,0,150,0,0,0,colegio_miraflores
89,10,51,0,88,0,61,1,colegio_miraflores
150,0,0,0,150,0,0,0,colegio_miraflores
135,13,2,0,134,0,15,1,colegio_miraflores
134,14,2,0,133,0,16,1,colegio_miraflores
136,7,7,0,136,1,13,0,colegio_miraflores
130,7,13,0,130,0,20,0,colegio_miraflores
150,0,0,0,150,0,0,0,colegio_miraflores
139,4,7,0,139,0,11,0,colegio_miraflores
131,11,8,0,130,0,19,1,colegio_miraflores
137,5,8,0,137,0,13,0,colegio_miraflores
94,14,42,0,94,2,54,0,colegio_miraflores
135,11,4,0,135,1,14,0,colegio_miraflores
150,0,0,0,150,0,0,0,colegio_miraflores
138,5,7,0,138,0,12,0,colegio_miraflores
135,14,1,0,135,0,15,0,colegio_miraflores
137,4,9,0,137,0,13,0,colegio_miraflores
62,13,75,0,62,3,85,0,colegio_miraflores
104,12,34,0,104,2,44,0,colegio_miraflores
106,11,33,0,105,0,44,1,colegio_miraflores
107,13,30,0,106,2,41,1,colegio_miraflores
136,9,5,0,136,0,14,0,colegio_miraflores
108,12,30,0,108,0,42,0,colegio_miraflores
132,13,5,0,131,3,15,1,colegio_miraflores
137,10,3,0,136,0,13,1,colegio_miraflores
136,10,4,0,135,0,14,1,colegio_miraflores
137,9,4,0,136,1,12,1,colegio_miraflores
138,4,8,0,137,0,12,1,colegio_miraflores
117,17,16,0,113,0,33,4,colegio_miraflores
135,8,7,0,135,0,15,0,colegio_miraflores
122,27,1,0,119,0,28,3,colegio_miraflores
136,14,0,0,136,2,12,0,colegio_miraflores
136,13,1,0,135,1,13,1,colegio_miraflores
89,8,53,0,88,0,61,1,colegio_miraflores
138,12,0,0,137,0,12,1,colegio_miraflores
137,12,1,0,136,0,13,1,colegio_miraflores
137,11,2,0,137,0,13,0,colegio_miraflores
138,9,3,0,138,0,12,0,colegio_miraflores
135,5,10,0,135,1,14,0,colegio_miraflores
138,5,7,0,138,1,11,0,colegio_miraflores
137,4,9,0,136,0,13,1,colegio_miraflores
100,25,24,1,95,1,48,6,colegio_miraflores
85,9,56,0,85,0,65,0,colegio_miraflores
134,6,10,0,134,0,16,0,colegio_miraflores
137,9,4,0,137,0,13,0,colegio_miraflores
48,82,20,0,48,0,102,0,colegio_miraflores
132,11,7,0,131,1,17,1,colegio_miraflores
136,5,9,0,136,0,14,0,colegio_miraflores
150,0,0,0,150,0,0,0,colegio_miraflores
139,4,7,0,139,0,11,0,colegio_miraflores
97,22,31,0,97,3,50,0,colegio_miraflores
137,13,0,0,137,2,11,0,colegio_miraflores
139,4,7,0,139,0,11,0,colegio_miraflores
134,5,11,0,134,1,15,0,colegio_miraflores
138,4,8,0,138,0,12,0,colegio_miraflores
137,5,8,0,137,0,13,0,colegio_miraflores
47,22,81,0,45,0,103,2,colegio_miraflores
44,14,92,0,43,0,106,1,colegio_miraflores
137,3,10,0,137,0,13,0,colegio_miraflores
139,4,7,0,139,0,11,0,colegio_miraflores
138,12,0,0,137,0,12,1,colegio_miraflores
138,5,7,0,138,1,11,0,colegio_miraflores
137,11,2,0,136,0,13,1,colegio_miraflores
113,11,26,0,112,0,37,1,colegio_miraflores
137,9,4,0,137,1,12,0,colegio_miraflores
137,8,5,0,135,1,12,2,colegio_miraflores
135,8,7,0,135,0,15,0,colegio_miraflores
137,9,4,0,137,1,12,0,colegio_miraflores
136,4,10,0,136,0,14,0,colegio_miraflores
135,11,4,0,133,0,15,2,colegio_miraflores
110,10,30,0,110,0,40,0,colegio_miraflores
150,0,0,0,150,0,0,0,colegio_miraflores
137,3,10,0,136,0,13,1,colegio_miraflores
95,8,47,0,95,1,54,0,colegio_miraflores
46,19,85,0,46,2,102,0,colegio_miraflores
136,12,2,0,136,0,14,0,colegio_miraflores
136,7,7,0,136,0,14,0,colegio_miraflores
94,47,9,0,94,4,52,0,colegio_miraflores
131,7,12,0,131,1,18,0,colegio_miraflores
135,12,3,0,133,0,15,2,colegio_miraflores
123,15,12,0,123,2,25,0,colegio_miraflores
138,3,9,0,138,0,12,0,colegio_miraflores
76,21,53,0,74,2,72,2,colegio_miraflores
144,6,0,0,142,0,6,2,colegio_miraflores
132,13,5,0,129,0,18,3,colegio_miraflores
137,5,8,0,137,0,13,0,colegio_miraflores
136,4,10,0,136,0,14,0,colegio_miraflores
135,5,10,0,134,0,15,1,colegio_miraflores
105,11,34,0,105,3,42,0,colegio_miraflores
136,4,10,0,136,0,14,0,colegio_miraflores
130,13,7,0,130,0,20,0,colegio_miraflores
81,11,58,0,81,2,67,0,colegio_miraflores
134,12,4,0,134,1,15,0,colegio_miraflores
136,8,6,0,134,0,14,2,colegio_miraflores
135,11,4,0,135,1,14,0,colegio_miraflores
135,11,4,0,135,0,15,0,colegio_miraflores
135,13,2,0,133,0,15,2,colegio_miraflores
141,4,5,0,140,1,8,1,parque_el_prado
142,2,6,0,142,0,8,0,parque_el_prado
150,0,0,0,150,0,0,0,parque_el_prado
137,10,3,0,137,2,11,0,parque_el_prado
140,2,8,0,140,0,10,0,parque_el_prado
150,0,0,0,150,0,0,0,parque_el_prado
127,16,7,0,126,7,16,1,parque_el_prado
135,3,12,0,135,0,15,0,parque_el_prado
142,2,6,0,142,1,7,0,parque_el_prado
139,5,6,0,139,1,10,0,parque_el_prado
72,16,62,0,72,5,73,0,parque_el_prado
56,21,72,1,54,12,81,3,parque_el_prado
141,2,6,1,141,1,7,1,parque_el_prado
150,0,0,0,150,0,0,0,parque_el_prado
139,3,8,0,138,0,11,1,parque_el_prado
136,12,2,0,133,2,12,3,parque_el_prado
67,18,65,0,66,4,79,1,parque_el_prado
140,1,9,0,139,0,10,1,parque_el_prado
10,59,81,0,8,11,129,2,parque_el_prado
139,5,6,0,138,1,10,1,parque_el_prado
136,6,8,0,134,1,13,2,parque_el_prado
140,3,7,0,139,1,9,1,parque_el_prado
115,27,7,1,112,12,22,4,parque_el_prado
102,14,34,0,99,6,42,3,parque_el_prado
140,3,7,0,139,1,9,1,parque_el_prado
149,0,0,1,147,0,0,3,parque_el_prado
150,0,0,0,150,0,0,0,parque_el_prado
122,9,19,0,122,1,27,0,parque_el_prado
53,56,40,1,50,6,90,4,parque_el_prado
115,17,18,0,113,10,25,2,parque_el_prado
150,0,0,0,150,0,0,0,parque_el_prado
137,8,5,0,134,2,11,3,parque_el_prado
140,3,6,1,139,0,9,2,parque_el_prado
141,4,5,0,139,2,7,2,parque_el_prado
141,6,3,0,141,2,7,0,parque_el_prado
139,4,7,0,139,2,9,0,parque_el_prado
138,7,4,1,136,1,10,3,parque_el_prado
91,23,36,0,88,8,51,3,parque_el_prado
142,2,6,0,142,0,8,0,parque_el_prado
150,0,0,0,148,0,0,2,parque_el_prado
132,12,6,0,131,4,14,1,parque_el_prado
99,22,29,0,98,2,49,1,parque_el_prado
141,5,4,0,140,3,6,1,parque_el_prado
63,34,53,0,62,6,81,1,parque_el_prado
55,21,74,0,48,6,89,7,parque_el_prado
101,15,34,0,100,1,48,1,parque_el_prado
134,9,7,0,134,0,16,0,parque_el_prado
137,10,3,0,136,4,9,1,parque_el_prado
140,5,5,0,139,3,7,1,parque_el_prado
131,14,5,0,130,7,12,1,parque_el_prado
99,34,17,0,90,5,46,9,parque_el_prado
136,6,7,1,134,3,10,3,parque_el_prado
136,11,3,0,136,1,13,0,parque_el_prado
143,2,5,0,143,1,6,0,parque_el_prado
114,9,27,0,113,3,33,1,parque_el_prado
139,6,5,0,135,5,6,4,parque_el_prado
136,14,0,0,136,4,10,0,parque_el_prado
141,3,6,0,141,0,9,0,parque_el_prado
134,14,1,1,133,3,12,2,parque_el_prado
86,14,50,0,86,2,62,0,parque_el_prado
142,5,3,0,141,1,7,1,parque_el_prado
51,24,75,0,49,6,93,2,parque_el_prado
150,0,0,0,147,0,0,3,parque_el_prado
98,13,39,0,98,5,47,0,parque_el_prado
138,11,1,0,138,4,8,0,parque_el_prado
134,14,2,0,132,3,13,2,parque_el_prado
138,9,3,0,133,1,11,5,parque_el_prado
142,4,4,0,141,1,7,1,parque_el_prado
150,0,0,0,150,0,0,0,parque_el_prado
123,17,9,1,121,3,23,3,parque_el_prado
111,11,28,0,109,2,37,2,parque_el_prado
150,0,0,0,150,0,0,0,parque_el_prado
106,18,26,0,105,4,40,1,parque_el_prado
77,30,43,0,73,9,64,4,parque_el_prado
118,23,9,0,117,7,25,1,parque_el_prado
71,40,38,1,63,3,75,9,parque_el_prado
130,16,2,2,130,1,17,2,parque_el_prado
150,0,0,0,149,0,0,1,parque_el_prado
135,6,9,0,135,2,13,0,parque_el_prado
143,3,4,0,143,1,6,0,parque_el_prado
101,45,4,0,100,11,38,1,parque_el_prado
121,14,15,0,121,8,21,0,parque_el_prado
127,12,11,0,124,4,19,3,parque_el_prado
149,0,0,1,148,0,0,2,parque_el_prado
111,30,8,1,108,2,36,4,parque_el_prado
136,3,11,0,136,0,14,0,parque_el_prado
141,6,3,0,141,0,9,0,parque_el_prado
134,12,3,1,133,0,15,2,parque_el_prado
138,4,8,0,138,1,11,0,parque_el_prado
136,11,3,0,130,3,11,6,parque_el_prado
132,12,6,0,131,1,17,1,parque_el_prado
118,14,18,0,112,3,29,6,parque_el_prado
109,7,34,0,104,1,40,5,parque_el_prado
141,5,4,0,141,1,8,0,parque_el_prado
92,13,45,0,91,5,53,1,parque_el_prado
149,0,0,1,136,0,0,14,parque_el_prado
137,11,2,0,137,1,12,0,parque_el_prado
143,3,4,0,142,0,7,1,parque_el_prado
138,6,6,0,137,0,12,1,parque_el_prado
140,3,7,0,138,0,10,2,parque_el_prado
132,6,9,3,113,0,15,22,parque_el_prado
139,6,5,0,139,2,9,0,parque_el_prado
142,1,7,0,140,0,8,2,parque_el_prado
141,4,5,0,141,1,8,0,parque_el_prado
106,25,18,1,105,5,38,2,parque_el_prado
140,4,6,0,140,1,9,0,parque_el_prado
139,9,2,0,138,3,8,1,parque_el_prado
133,6,11,0,133,1,16,0,parque_el_prado
137,10,3,0,137,2,11,0,parque_el_prado
136,8,6,0,135,3,11,1,parque_el_prado
103,13,34,0,103,3,44,0,parque_el_prado
137,11,1,1,136,8,4,2,parque_el_prado
142,2,6,0,139,0,8,3,parque_el_prado
108,12,30,0,107,2,40,1,parque_el_prado
127,20,2,1,122,3,19,6,parque_el_prado
118,18,12,2,113,3,27,7,parque_el_prado
142,4,4,0,140,1,7,2,parque_el_prado
20,87,43,0,19,22,108,1,parque_el_prado
136,10,4,0,136,2,12,0,parque_el_prado
129,16,5,0,129,2,19,0,parque_el_prado
115,18,16,1,112,1,33,4,parque_el_prado
139,7,4,0,138,2,9,1,parque_el_prado
140,5,5,0,139,1,9,1,parque_el_prado
140,4,6,0,140,1,9,0,parque_el_prado
139,5,6,0,138,1,10,1,parque_el_prado
118,24,8,0,116,8,24,2,parque_el_prado
122,12,16,0,116,4,24,6,parque_el_prado
135,8,6,1,135,0,14,1,parque_el_prado
136,13,1,0,136,2,12,0,parque_el_prado
137,6,7,0,135,1,12,2,parque_el_prado
140,3,7,0,140,1,9,0,parque_el_prado
84,15,51,0,80,3,63,4,parque_el_prado
112,20,18,0,112,7,31,0,parque_el_prado
136,12,2,0,134,4,10,2,parque_el_prado
135,7,8,0,135,3,12,0,parque_el_prado
139,5,5,1,139,2,8,1,parque_el_prado
136,7,7,0,136,3,11,0,parque_el_prado
137,10,3,0,137,5,8,0,parque_el_prado
150,0,0,0,150,0,0,0,parque_el_prado
142,4,4,0,142,1,7,0,parque_el_prado
137,6,7,0,136,1,12,1,parque_el_prado
131,17,2,0,130,5,14,1,parque_el_prado
150,0,0,0,150,0,0,0,parque_el_prado
112,29,8,1,110,11,26,3,parque_el_prado
132,11,7,0,127,2,16,5,parque_el_prado
140,5,5,0,139,1,9,1,parque_el_prado
141,3,6,0,140,1,8,1,parque_el_prado
116,30,4,0,108,19,15,8,parque_el_prado
150,0,0,0,150,0,0,0,parque_el_prado
137,7,6,0,131,1,12,6,parque_el_prado
142,5,3,0,142,1,7,0,parque_el_prado
141,3,6,0,141,0,9,0,parque_el_prado
138,8,4,0,135,0,12,3,parque_el_prado
150,0,0,0,150,0,0,0,parque_el_prado
137,6,7,0,137,3,10,0,parque_el_prado
135,10,5,0,134,3,12,1,parque_el_prado
132,10,8,0,131,1,17,1,parque_el_prado
128,15,7,0,123,2,20,5,parque_el_prado
21,63,66,0,19,15,114,2,parque_el_prado
137,11,2,0,133,2,11,4,parque_el_prado
139,5,6,0,139,1,10,0,parque_el_prado
134,10,5,1,130,3,12,5,parque_el_prado
150,0,0,0,149,0,0,1,parque_el_prado
130,16,4,0,128,5,15,2,parque_el_prado
139,1,10,0,138,0,11,1,parque_el_prado
132,14,4,0,131,4,14,1,parque_el_prado
141,7,2,0,141,5,4,0,parque_el_prado
139,10,1,0,137,1,10,2,parque_el_prado
138,10,2,0,138,5,7,0,parque_el_prado
140,4,5,1,140,0,9,1,parque_el_prado
100,34,15,1,98,6,43,3,parque_el_prado
80,16,54,0,76,0,70,4,parque_el_prado
133,10,6,1,131,0,16,3,parque_el_prado
124,19,6,1,116,1,24,9,parque_el_prado
140,4,6,0,139,0,10,1,parque_el_prado
139,6,5,0,137,0,11,2,parque_el_prado
139,6,5,0,139,0,11,0,parque_el_prado
138,11,1,0,138,1,11,0,parque_el_prado
137,5,8,0,137,1,12,0,parque_el_prado
98,14,38,0,97,1,51,1,parque_el_prado
112,17,21,0,111,1,37,1,parque_el_prado
127,16,6,1,123,1,21,5,parque_el_prado
65,32,52,1,65,3,81,1,parque_el_prado
111,21,18,0,109,3,36,2,parque_el_prado
150,0,0,0,150,0,0,0,parque_el_prado
104,8,37,1,104,3,42,1,parque_el_prado
134,7,9,0,132,2,14,2,parque_el_prado
85,18,47,0,82,3,62,3,parque_el_prado
137,4,9,0,137,2,11,0,parque_el_prado
136,5,9,0,136,0,14,0,parque_el_prado
137,4,9,0,137,2,11,0,parque_el_prado
137,9,4,0,137,3,10,0,parque_el_prado
136,6,8,0,135,3,11,1,parque_el_prado
135,12,3,0,134,1,14,1,parque_el_prado
137,7,6,0,136,0,13,1,parque_el_prado
150,0,0,0,143,0,0,7,parque_el_prado
139,4,7,0,139,2,9,0,parque_el_prado
135,13,2,0,135,2,13,0,parque_el_prado
137,10,3,0,137,4,9,0,parque_el_prado
139,3,8,0,137,1,10,2,parque_el_prado
138,5,7,0,138,2,10,0,parque_el_prado
140,7,3,0,140,2,8,0,parque_el_prado
139,4,7,0,139,1,10,0,parque_el_prado
134,4,12,0,134,1,15,0,parque_el_prado
132,11,7,0,132,2,16,0,parque_el_prado
103,29,18,0,90,12,35,13,parque_el_prado
47,59,43,1,34,8,94,14,parque_el_prado
49,54,47,0,49,8,93,0,parque_el_prado
136,12,1,1,135,4,9,2,parque_el_prado
124,24,2,0,123,7,19,1,parque_el_prado
142,5,3,0,142,2,6,0,parque_el_prado
141,3,6,0,140,1,8,1,parque_el_prado
141,4,5,0,141,2,7,0,parque_el_prado
133,11,6,0,130,3,14,3,parque_el_prado
127,9,14,0,127,4,19,0,parque_el_prado
142,4,4,0,141,0,8,1,parque_el_prado
150,0,0,0,150,0,0,0,parque_el_prado
115,15,20,0,114,3,32,1,parque_el_prado
136,14,0,0,134,8,6,2,parque_el_prado
65,24,61,0,65,6,79,0,parque_el_prado
136,5,9,0,135,0,14,1,parque_el_prado
139,3,7,1,139,0,10,1,parque_el_prado
133,10,7,0,133,1,16,0,parque_el_prado
138,8,4,0,138,3,9,0,parque_el_prado
141,4,5,0,140,0,9,1,parque_el_prado
131,18,1,0,130,2,17,1,parque_el_prado
134,13,2,1,120,3,12,15,parque_el_prado
110,18,22,0,110,3,37,0,parque_el_prado
139,6,4,1,139,2,8,1,parque_el_prado
139,4,7,0,139,1,10,0,parque_el_prado
141,5,4,0,141,2,7,0,parque_el_prado
139,4,7,0,139,1,10,0,parque_el_prado
137,6,7,0,137,1,12,0,parque_el_prado
132,18,0,0,125,8,10,7,parque_el_prado
140,6,4,0,138,0,10,2,parque_el_prado
137,12,1,0,137,1,12,0,parque_el_prado
137,6,6,1,137,1,11,1,parque_el_prado
134,14,2,0,131,1,15,3,parque_el_prado
120,23,7,0,120,3,27,0,parque_el_prado
129,18,2,1,128,2,18,2,parque_el_prado
134,14,2,0,132,1,15,2,parque_el_prado
140,6,4,0,140,1,9,0,parque_el_prado
116,9,25,0,115,2,32,1,parque_el_prado
141,4,5,0,140,2,7,1,parque_el_prado
136,12,2,0,133,1,13,3,parque_el_prado
137,11,2,0,136,4,9,1,parque_el_prado
137,10,3,0,135,2,11,2,parque_el_prado
107,28,15,0,107,7,36,0,parque_el_prado
108,12,30,0,101,4,38,7,parque_el_prado
150,0,0,0,150,0,0,0,parque_el_prado
80,44,24,2,74,14,54,8,parque_el_prado
140,5,5,0,140,1,9,0,parque_el_prado
140,7,3,0,138,2,8,2,parque_el_prado
133,11,6,0,132,1,16,1,parque_el_prado
129,19,2,0,127,10,11,2,parque_el_prado
133,9,7,1,133,1,15,1,parque_el_prado
143,2,5,0,140,0,7,3,parque_el_prado
0,106,44,0,0,38,112,0,parque_el_prado
119,16,13,2,115,5,24,6,parque_el_prado
137,10,3,0,136,2,11,1,parque_el_prado
141,6,3,0,141,3,6,0,parque_el_prado
118,11,21,0,117,0,32,1,parque_el_prado
141,4,5,0,141,2,7,0,parque_el_prado
122,6,22,0,119,0,28,3,parque_el_prado
129,12,9,0,127,1,20,2,parque_el_prado
140,4,6,0,140,1,9,0,parque_el_prado
150,0,0,0,150,0,0,0,parque_el_prado
135,14,1,0,128,9,6,7,parque_el_prado
133,12,5,0,132,2,15,1,parque_el_prado
140,4,6,0,140,2,8,0,parque_el_prado
101,15,33,1,93,0,48,9,parque_el_prado
139,8,3,0,139,2,9,0,parque_el_prado
139,8,3,0,138,0,11,1,parque_el_prado
125,16,8,1,120,10,14,6,parque_el_prado
134,7,9,0,134,2,14,0,parque_el_prado
139,1,10,0,138,0,11,1,parque_el_prado
117,21,12,0,115,4,29,2,parque_el_prado
142,3,5,0,140,1,7,2,parque_el_prado
144,4,2,0,144,1,5,0,parque_el_prado
140,2,8,0,140,1,9,0,parque_el_prado
150,0,0,0,150,0,0,0,parque_el_prado
133,16,0,1,133,4,12,1,parque_el_prado
135,9,5,1,131,2,12,5,parque_el_prado
140,3,7,0,140,1,9,0,parque_el_prado
135,10,5,0,134,4,11,1,parque_el_prado
141,5,4,0,141,3,6,0,parque_el_prado
124,14,11,1,121,1,24,4,parque_el_prado
67,22,60,1,66,5,77,2,parque_el_prado
139,10,1,0,138,5,6,1,parque_el_prado
138,4,8,0,137,2,10,1,parque_el_prado
112,14,24,0,105,3,35,7,parque_el_prado
133,14,3,0,130,2,15,3,parque_el_prado
139,4,7,0,139,2,9,0,parque_el_prado
125,11,14,0,121,3,22,4,parque_el_prado
91,30,27,2,88,16,41,5,parque_el_prado
141,3,6,0,140,1,8,1,parque_el_prado
132,11,7,0,132,3,15,0,parque_el_prado
140,6,4,0,140,2,8,0,parque_el_prado
98,15,37,0,96,2,50,2,parque_el_prado
150,0,0,0,149,0,0,1,parque_el_prado
117,17,16,0,117,5,28,0,parque_el_prado
60,29,61,0,56,7,83,4,parque_el_prado
139,7,4,0,136,2,9,3,parque_el_prado
141,3,6,0,141,1,8,0,parque_el_prado
71,25,54,0,65,5,74,6,parque_el_prado
140,5,5,0,140,2,8,0,parque_el_prado
134,4,12,0,133,1,15,1,parque_el_prado
130,7,13,0,127,0,20,3,parque_el_prado
90,26,34,0,85,5,55,5,parque_el_prado
135,9,6,0,134,3,12,1,parque_el_prado
89,42,18,1,85,13,47,5,parque_el_prado
123,16,10,1,123,1,25,1,parque_el_prado
76,29,45,0,76,6,68,0,parque_el_prado
122,16,12,0,119,6,22,3,parque_el_prado
142,2,6,0,141,0,8,1,parque_el_prado
104,29,17,0,102,12,34,2,parque_el_prado
112,16,22,0,112,4,34,0,parque_el_prado
141,3,5,1,141,2,6,1,parque_el_prado
132,10,8,0,127,0,18,5,parque_el_prado
140,3,7,0,140,1,9,0,parque_el_prado
39,15,96,0,34,4,107,5,parque_el_prado
150,0,0,0,150,0,0,0,parque_el_prado
136,10,4,0,135,3,11,1,parque_el_prado
138,5,7,0,138,1,11,0,parque_el_prado
138,10,2,0,138,3,9,0,parque_el_prado
137,12,1,0,136,4,9,1,parque_el_prado
142,4,4,0,142,0,8,0,parque_el_prado
63,52,30,5,50,12,70,18,parque_el_prado
137,11,2,0,137,4,9,0,parque_el_prado
135,7,8,0,134,2,13,1,parque_el_prado
116,26,8,0,115,8,26,1,parque_el_prado
142,6,2,0,139,1,7,3,parque_el_prado
141,5,4,0,141,0,9,0,parque_el_prado
95,19,36,0,94,7,48,1,parque_el_prado
133,14,3,0,133,7,10,0,parque_el_prado
138,7,5,0,138,0,12,0,parque_el_prado
132,14,4,0,130,0,18,2,parque_el_prado
138,4,7,1,137,0,11,2,parque_el_prado
134,14,2,0,134,6,10,0,parque_el_prado
128,20,2,0,118,8,14,10,parque_el_prado
137,12,1,0,136,1,12,1,parque_el_prado
137,6,7,0,137,3,10,0,parque_el_prado
131,16,3,0,129,3,16,2,parque_el_prado
137,11,2,0,134,1,12,3,parque_el_prado
111,25,14,0,109,3,36,2,parque_el_prado
120,17,12,1,114,4,25,7,parque_el_prado
138,8,4,0,137,0,12,1,parque_el_prado
133,16,1,0,133,6,11,0,parque_el_prado
141,4,5,0,139,1,8,2,parque_el_prado
137,7,5,1,134,1,11,4,parque_el_prado
140,3,7,0,137,0,10,3,parque_el_prado
135,13,2,0,135,4,11,0,parque_el_prado
74,52,24,0,69,11,65,5,parque_el_prado
140,2,8,0,140,1,9,0,parque_el_prado
135,13,2,0,135,4,11,0,parque_el_prado
104,12,34,0,104,3,43,0,parque_el_prado
120,8,22,0,120,5,25,0,parque_el_prado
142,3,5,0,141,0,8,1,parque_el_prado
69,58,23,0,65,7,74,4,parque_el_prado
150,0,0,0,147,0,0,3,parque_el_prado
140,4,6,0,140,0,10,0,parque_el_prado
140,7,3,0,139,3,7,1,parque_el_prado
125,18,7,0,123,4,21,2,parque_el_prado
141,3,6,0,141,2,7,0,parque_el_prado
143,5,2,0,143,2,5,0,parque_el_prado
131,14,5,0,129,0,19,2,parque_el_prado
140,2,8,0,139,1,9,1,parque_el_prado
123,22,4,1,116,7,19,8,parque_el_prado
138,4,8,0,138,1,11,0,parque_el_prado
150,0,0,0,150,0,0,0,parque_el_prado
141,2,7,0,141,1,8,0,parque_el_prado
131,16,3,0,130,5,14,1,parque_el_prado
133,15,2,0,133,4,13,0,parque_el_prado
134,13,2,1,134,4,11,1,parque_el_prado
139,2,9,0,138,0,11,1,parque_el_prado
83,31,36,0,81,3,64,2,parque_el_prado
132,7,11,0,128,2,16,4,parque_el_prado
150,0,0,0,149,0,0,1,parque_el_prado
141,5,3,1,141,1,7,1,parque_el_prado
139,3,8,0,139,0,11,0,parque_el_prado
78,18,54,0,78,5,67,0,parque_el_prado
134,6,10,0,133,0,16,1,parque_el_prado
71,39,40,0,70,5,74,1,parque_el_prado
134,14,2,0,132,1,15,2,parque_el_prado
139,4,7,0,137,0,11,2,parque_el_prado
92,18,40,0,92,1,57,0,parque_el_prado
140,3,7,0,140,0,10,0,parque_el_prado
110,30,10,0,108,16,24,2,parque_el_prado
134,7,8,1,133,0,15,2,parque_el_prado
124,20,5,1,121,9,16,4,parque_el_prado
134,14,2,0,134,4,12,0,parque_el_prado
141,4,5,0,141,1,8,0,parque_el_prado
137,4,9,0,136,1,12,1,parque_el_prado
45,70,35,0,44,28,77,1,parque_el_prado
135,10,5,0,132,3,12,3,parque_el_prado
125,12,12,1,117,5,19,9,parque_el_prado
117,16,17,0,117,3,30,0,parque_el_prado
138,11,1,0,135,0,12,3,parque_el_prado
140,9,1,0,140,1,9,0,parque_el_prado
136,9,5,0,135,4,10,1,parque_el_prado
66,15,69,0,64,8,76,2,parque_el_prado
114,13,23,0,113,4,32,1,parque_el_prado
150,0,0,0,150,0,0,0,parque_el_prado
138,5,7,0,138,1,11,0,parque_el_prado
119,23,7,1,116,8,22,4,parque_el_prado
27,45,78,0,27,15,108,0,parque_el_prado
109,9,31,1,107,1,39,3,parque_el_prado
99,37,14,0,91,12,39,8,parque_el_prado
141,4,5,0,141,0,9,0,parque_el_prado
138,4,8,0,136,2,10,2,parque_el_prado
117,13,19,1,113,3,29,5,parque_el_prado
150,0,0,0,149,0,0,1,parque_el_prado
90,33,27,0,84,18,42,6,parque_el_prado
141,3,6,0,139,2,7,2,parque_el_prado
140,5,5,0,140,0,10,0,parque_el_prado
89,25,36,0,85,3,58,4,parque_el_prado
134,14,2,0,132,4,12,2,parque_el_prado
97,16,37,0,97,7,46,0,parque_el_prado
134,5,11,0,131,1,15,3,parque_el_prado
150,0,0,0,150,0,0,0,parque_el_prado
132,16,2,0,131,3,15,1,parque_el_prado
105,33,12,0,105,11,34,0,parque_el_prado
115,31,4,0,113,6,29,2,parque_el_prado
138,1,11,0,138,0,12,0,parque_el_prado
138,8,4,0,136,0,12,2,parque_el_prado
140,3,7,0,140,1,9,0,parque_el_prado
135,12,3,0,135,1,14,0,parque_el_prado
121,18,11,0,116,2,27,5,parque_el_prado
135,10,5,0,134,4,11,1,parque_el_prado
137,8,5,0,133,1,12,4,parque_el_prado
55,15,80,0,55,5,90,0,parque_el_prado
103,42,5,0,100,7,40,3,parque_el_prado
149,0,0,1,148,0,0,2,parque_el_prado
78,12,60,0,75,2,70,3,parque_el_prado
131,10,9,0,131,1,18,0,parque_el_prado
97,28,25,0,96,9,44,1,parque_el_prado
140,2,8,0,139,1,9,1,parque_el_prado
142,2,6,0,141,1,7,1,parque_el_prado
25,31,94,0,25,8,117,0,parque_el_prado
135,15,0,0,133,1,14,2,parque_el_prado
135,13,2,0,135,5,10,0,parque_el_prado
140,2,8,0,139,0,10,1,parque_el_prado
133,15,1,1,132,2,14,2,parque_el_prado
135,7,8,0,135,4,11,0,parque_el_prado
135,11,4,0,135,4,11,0,parque_el_prado
140,1,9,0,140,0,10,0,parque_el_prado
109,19,22,0,108,4,37,1,parque_el_prado
133,15,2,0,131,4,13,2,parque_el_prado
136,9,5,0,133,0,14,3,parque_el_prado
133,15,2,0,132,3,14,1,parque_el_prado
137,5,8,0,137,2,11,0,parque_el_prado
140,10,0,0,140,0,10,0,parque_el_prado
91,19,39,1,88,6,52,4,parque_el_prado
137,11,2,0,137,3,10,0,parque_el_prado
139,5,6,0,138,1,10,1,parque_el_prado
137,4,9,0,137,0,13,0,parque_el_prado
138,8,4,0,138,4,8,0,parque_el_prado
88,43,16,3,88,11,48,3,parque_el_prado
91,16,43,0,91,5,54,0,parque_el_prado
137,2,10,1,137,0,12,1,parque_el_prado
135,9,6,0,133,1,14,2,parque_el_prado
150,0,0,0,150,0,0,0,parque_el_prado
150,0,0,0,149,0,0,1,parque_el_prado
80,29,38,3,76,4,63,7,parque_el_prado
137,9,4,0,137,1,12,0,parque_el_prado
136,6,7,1,136,2,11,1,parque_el_prado
141,3,6,0,141,1,8,0,parque_el_prado
134,7,9,0,134,5,11,0,parque_el_prado
150,0,0,0,150,0,0,0,parque_el_prado
142,2,6,0,142,1,7,0,parque_el_prado
138,5,7,0,138,1,11,0,parque_el_prado
120,17,13,0,120,9,21,0,parque_el_prado
134,10,6,0,132,1,15,2,parque_el_prado
134,6,10,0,134,0,16,0,parque_el_prado
103,28,19,0,97,3,44,6,parque_el_prado
141,4,5,0,139,0,9,2,parque_el_prado
133,13,4,0,132,0,17,1,parque_el_prado
122,18,10,0,118,1,27,4,parque_el_prado
150,0,0,0,149,0,0,1,parque_el_prado
136,14,0,0,136,5,9,0,parque_el_prado
79,39,31,1,72,15,55,8,parque_el_prado
137,3,9,1,137,0,12,1,parque_el_prado
57,15,78,0,55,7,86,2,parque_el_prado
127,18,4,1,124,1,21,4,parque_el_prado
98,19,33,0,97,6,46,1,parque_el_prado
11,31,108,0,10,10,129,1,parque_el_prado
139,6,5,0,139,2,9,0,parque_el_prado
93,44,11,2,93,13,42,2,parque_el_prado
84,37,28,1,81,6,59,4,parque_el_prado
150,0,0,0,150,0,0,0,parque_el_prado
87,18,45,0,86,3,60,1,parque_el_prado
133,11,6,0,132,6,11,1,parque_el_prado
138,5,7,0,137,1,11,1,parque_el_prado
107,20,23,0,107,2,41,0,parque_el_prado
137,8,5,0,137,3,10,0,parque_el_prado
138,5,7,0,138,2,10,0,parque_el_prado
142,3,5,0,142,2,6,0,parque_el_prado
135,13,2,0,135,5,10,0,parque_el_prado
129,17,4,0,126,6,15,3,parque_el_prado
138,4,8,0,135,0,12,3,parque_el_prado
122,19,9,0,118,6,22,4,parque_el_prado
133,12,4,1,132,3,13,2,parque_el_prado
139,6,5,0,139,2,9,0,parque_el_prado
138,12,0,0,135,5,7,3,parque_el_prado
131,15,4,0,130,3,16,1,parque_el_prado
137,5,8,0,133,0,13,4,parque_el_prado
137,13,0,0,137,1,12,0,parque_el_prado
139,9,2,0,138,1,10,1,parque_el_prado
150,0,0,0,150,0,0,0,parque_el_prado
114,9,26,1,110,1,34,5,parque_el_prado
135,12,3,0,134,4,11,1,parque_el_prado
136,4,10,0,136,2,12,0,parque_el_prado
43,61,46,0,40,11,96,3,parque_el_prado
73,16,61,0,69,7,70,4,parque_el_prado
138,4,8,0,137,1,11,1,parque_el_prado
140,6,4,0,140,2,8,0,parque_el_prado
142,1,7,0,142,0,8,0,parque_el_prado
141,3,6,0,140,0,9,1,parque_el_prado
131,18,1,0,130,2,17,1,parque_el_prado
131,17,2,0,131,3,16,0,parque_el_prado
73,54,23,0,66,6,71,7,parque_el_prado
97,15,37,1,97,2,50,1,parque_el_prado
123,24,3,0,121,6,21,2,parque_el_prado
150,0,0,0,150,0,0,0,parque_el_prado
69,39,42,0,65,10,71,4,parque_el_prado
141,5,4,0,141,0,9,0,parque_el_prado
118,18,14,0,115,4,28,3,parque_el_prado
134,13,2,1,129,3,12,6,parque_el_prado
75,60,13,2,58,8,65,19,parque_el_prado
138,9,3,0,136,2,10,2,parque_el_prado
139,9,2,0,139,2,9,0,parque_el_prado
150,0,0,0,150,0,0,0,parque_el_prado
140,4,5,1,138,1,8,3,parque_el_prado
107,28,14,1,99,2,40,9,parque_el_prado
131,11,8,0,131,3,16,0,parque_el_prado
112,17,20,1,109,4,33,4,parque_el_prado
140,5,5,0,140,2,8,0,parque_el_prado
131,14,5,0,131,1,18,0,parque_el_prado
139,4,6,1,139,0,10,1,parque_el_prado
132,16,0,2,129,13,3,5,parque_el_prado
140,3,7,0,137,1,9,3,parque_el_prado
140,4,6,0,140,0,10,0,parque_el_prado
103,15,32,0,97,3,44,6,parque_el_prado
139,4,7,0,138,3,8,1,parque_el_prado
135,5,9,1,135,1,13,1,parque_el_prado
140,5,5,0,138,0,10,2,parque_el_prado
140,5,5,0,140,0,10,0,parque_el_prado
133,16,1,0,133,4,13,0,parque_el_prado
111,19,19,1,111,5,33,1,parque_el_prado
138,4,8,0,137,0,12,1,parque_el_prado
126,15,9,0,126,1,23,0,parque_el_prado
112,24,13,1,112,7,30,1,parque_el_prado
142,5,3,0,140,0,8,2,parque_el_prado
65,39,46,0,52,11,74,13,parque_el_prado
133,15,2,0,133,10,7,0,parque_el_prado
136,13,1,0,136,3,11,0,parque_el_prado
54,52,44,0,53,9,87,1,parque_el_prado
137,7,6,0,137,1,12,0,parque_el_prado
104,17,29,0,104,5,41,0,parque_el_prado
137,5,8,0,137,1,12,0,parque_el_prado
150,0,0,0,150,0,0,0,parque_el_prado
139,2,8,1,137,0,10,3,parque_el_prado
136,12,2,0,136,4,10,0,parque_el_prado
79,15,56,0,79,2,69,0,parque_el_prado
111,16,23,0,110,6,33,1,parque_el_prado
95,21,34,0,93,3,52,2,parque_el_prado
132,8,10,0,131,0,18,1,parque_el_prado
140,9,1,0,138,2,8,2,parque_el_prado
141,3,6,0,141,0,9,0,parque_el_prado
131,14,5,0,126,3,16,5,parque_el_prado
138,9,2,1,137,1,10,2,parque_el_prado
59,19,72,0,49,5,86,10,parque_el_prado
122,21,7,0,118,7,21,4,parque_el_prado
136,14,0,0,133,0,14,3,parque_el_prado
36,27,87,0,29,5,109,7,parque_el_prado
133,15,2,0,127,3,14,6,parque_el_prado
99,30,21,0,96,3,48,3,parque_el_prado
137,7,6,0,134,1,12,3,parque_el_prado
142,3,5,0,142,0,8,0,parque_el_prado
113,28,9,0,110,11,26,3,parque_el_prado
136,13,0,1,131,3,10,6,parque_el_prado
116,6,28,0,110,0,34,6,parque_el_prado
133,15,2,0,127,1,16,6,parque_el_prado
98,25,27,0,97,5,47,1,parque_el_prado
139,5,6,0,137,0,11,2,parque_el_prado
142,4,4,0,139,0,8,3,parque_el_prado
134,14,2,0,132,2,14,2,parque_el_prado
140,4,6,0,139,1,9,1,parque_el_prado
138,10,2,0,137,3,9,1,parque_el_prado
141,4,5,0,141,1,8,0,parque_el_prado
139,5,6,0,139,1,10,0,parque_el_prado
141,4,5,0,141,2,7,0,parque_el_prado
116,15,17,2,116,3,29,2,parque_el_prado
114,16,20,0,110,0,36,4,parque_el_prado
150,0,0,0,150,0,0,0,parque_el_prado
131,15,4,0,131,3,16,0,parque_el_prado
133,11,6,0,133,4,13,0,parque_el_prado
140,5,5,0,139,1,9,1,parque_el_prado
140,3,7,0,139,1,9,1,parque_el_prado
138,9,3,0,138,1,11,0,parque_el_prado
130,8,12,0,125,0,20,5,parque_el_prado
137,8,5,0,137,1,12,0,parque_el_prado
132,10,8,0,130,1,17,2,parque_el_prado
92,19,39,0,88,4,54,4,parque_el_prado
119,22,9,0,119,2,29,0,parque_el_prado
51,57,41,1,49,15,83,3,parque_el_prado
143,4,3,0,142,1,6,1,parque_el_prado
137,7,6,0,136,1,12,1,parque_el_prado
133,13,4,0,131,2,15,2,parque_el_prado
142,4,4,0,142,2,6,0,parque_el_prado
110,25,15,0,109,4,36,1,parque_el_prado
137,12,1,0,135,1,12,2,parque_el_prado
150,0,0,0,150,0,0,0,parque_el_prado
126,20,4,0,121,1,23,5,parque_el_prado
136,7,7,0,135,4,10,1,parque_el_prado
137,7,6,0,134,0,13,3,parque_el_prado
71,19,60,0,70,1,78,1,parque_el_prado
139,7,4,0,137,1,10,2,parque_el_prado
96,16,38,0,94,2,52,2,parque_el_prado
141,2,7,0,140,1,8,1,parque_el_prado
114,26,10,0,112,5,31,2,parque_el_prado
40,52,58,0,39,20,90,1,parque_el_prado
136,12,2,0,135,4,10,1,parque_el_prado
123,10,16,1,119,0,26,5,parque_el_prado
68,43,39,0,63,16,66,5,parque_el_prado
141,4,5,0,141,1,8,0,parque_el_prado
105,18,27,0,103,7,38,2,parque_el_prado
137,9,4,0,137,2,11,0,parque_el_prado
133,16,1,0,133,2,15,0,parque_el_prado
138,10,2,0,137,2,10,1,parque_el_prado
136,5,9,0,136,0,14,0,parque_el_prado
120,17,12,1,117,5,24,4,parque_el_prado
40,25,85,0,39,7,103,1,parque_el_prado
137,12,1,0,136,1,12,1,parque_el_prado
108,12,30,0,106,3,39,2,parque_el_prado
114,29,7,0,114,11,25,0,parque_el_prado
150,0,0,0,146,0,0,4,parque_el_prado
136,11,3,0,136,1,13,0,parque_el_prado
131,17,2,0,130,2,17,1,parque_el_prado
141,4,5,0,140,1,8,1,parque_el_prado
137,8,5,0,136,0,13,1,parque_el_prado
138,3,9,0,136,1,11,2,parque_el_prado
73,71,6,0,69,26,51,4,parque_el_prado
141,2,7,0,140,0,9,1,parque_el_prado
127,15,8,0,122,4,19,5,parque_el_prado
134,11,4,1,133,6,9,2,parque_el_prado
150,0,0,0,149,0,0,1,parque_el_prado
129,17,4,0,128,2,19,1,parque_el_prado
139,4,7,0,139,1,10,0,parque_el_prado
125,15,9,1,122,2,22,4,parque_el_prado
130,10,9,1,127,2,17,4,parque_el_prado
136,7,7,0,134,2,12,2,parque_el_prado
149,0,0,1,148,0,0,2,parque_el_prado
140,1,9,0,138,0,10,2,parque_el_prado
138,4,8,0,137,0,12,1,parque_el_prado
111,11,27,1,110,2,36,2,parque_el_prado
141,3,5,1,141,1,7,1,parque_el_prado
130,16,4,0,129,1,19,1,parque_el_prado
139,7,4,0,139,5,6,0,parque_el_prado
134,12,4,0,133,5,11,1,parque_el_prado
56,42,52,0,54,15,79,2,parque_el_prado
143,3,4,0,143,1,6,0,parque_el_prado
150,0,0,0,150,0,0,0,parque_el_prado
96,21,33,0,94,4,50,2,parque_el_prado
133,8,9,0,132,2,15,1,parque_el_prado
138,10,2,0,137,1,11,1,parque_el_prado
135,12,3,0,134,4,11,1,parque_el_prado
136,3,10,1,136,0,13,1,parque_el_prado
139,6,5,0,139,2,9,0,parque_el_prado
89,20,41,0,89,4,57,0,parque_el_prado
102,35,12,1,100,8,39,3,parque_el_prado
141,4,5,0,141,3,6,0,parque_el_prado
93,48,9,0,86,21,36,7,parque_el_prado
121,21,7,1,120,7,21,2,parque_el_prado
142,3,5,0,141,1,7,1,parque_el_prado
150,0,0,0,150,0,0,0,parque_el_prado
150,0,0,0,150,0,0,0,parque_el_prado
138,7,5,0,138,2,10,0,parque_el_prado
136,9,5,0,135,3,11,1,parque_el_prado
133,17,0,0,132,3,14,1,parque_el_prado
117,26,7,0,106,4,29,11,parque_el_prado
127,18,5,0,121,4,19,6,parque_el_prado
83,6,61,0,83,1,66,0,parque_el_prado
136,13,1,0,134,6,8,2,parque_el_prado
125,8,17,0,125,3,22,0,parque_el_prado
140,5,5,0,139,1,9,1,parque_el_prado
130,16,4,0,130,2,18,0,parque_el_prado
136,3,10,1,134,0,13,3,parque_el_prado
140,4,6,0,139,1,9,1,parque_el_prado
124,18,7,1,116,4,21,9,parque_el_prado
0,26,124,0,0,16,134,0,parque_el_prado
84,16,49,1,84,5,60,1,parque_el_prado
137,7,6,0,133,0,13,4,parque_el_prado
98,31,17,4,89,7,41,13,parque_el_prado
139,5,6,0,139,3,8,0,parque_el_prado
141,2,7,0,141,0,9,0,parque_el_prado
140,6,4,0,140,3,7,0,parque_el_prado
111,4,35,0,110,1,38,1,parque_el_prado
140,4,6,0,140,2,8,0,parque_el_prado
135,8,7,0,135,1,14,0,parque_el_prado
70,25,54,1,66,4,75,5,parque_el_prado
88,19,43,0,82,1,61,6,parque_el_prado
150,0,0,0,147,0,0,3,parque_el_prado
128,15,7,0,124,2,20,4,parque_el_prado
141,3,6,0,141,1,8,0,parque_el_prado
39,71,39,1,22,24,86,18,parque_el_prado
38,89,21,2,36,26,84,4,parque_el_prado
107,17,26,0,104,3,40,3,parque_el_prado
138,10,2,0,138,3,9,0,parque_el_prado
7,36,107,0,6,15,128,1,parque_el_prado
142,5,3,0,142,3,5,0,parque_el_prado
134,7,8,1,134,1,14,1,parque_el_prado
98,25,27,0,91,4,48,7,parque_el_prado
99,14,37,0,99,2,49,0,parque_el_prado
141,1,8,0,140,0,9,1,parque_el_prado
143,1,6,0,143,0,7,0,parque_el_prado
98,22,30,0,94,7,45,4,parque_el_prado
137,11,2,0,136,2,11,1,parque_el_prado
67,21,62,0,65,3,80,2,parque_el_prado
135,12,3,0,134,0,15,1,parque_el_prado
137,4,9,0,137,0,13,0,parque_el_prado
82,20,48,0,82,6,62,0,parque_el_prado
138,12,0,0,137,2,10,1,parque_el_prado
141,4,5,0,141,1,8,0,parque_el_prado
140,6,4,0,139,0,10,1,parque_el_prado
141,6,3,0,141,3,6,0,parque_el_prado
150,0,0,0,149,0,0,1,parque_el_prado
140,6,4,0,140,1,9,0,parque_el_prado
150,0,0,0,139,0,0,11,parque_el_prado
133,15,2,0,128,3,14,5,parque_el_prado
109,7,34,0,109,2,39,0,parque_el_prado
150,0,0,0,148,0,0,2,parque_el_prado
149,0,0,1,137,0,0,13,parque_el_prado
133,12,5,0,132,4,13,1,parque_el_prado
141,3,6,0,140,0,9,1,parque_el_prado
133,16,1,0,133,7,10,0,parque_el_prado
133,12,5,0,133,3,14,0,parque_el_prado
136,9,5,0,136,1,13,0,parque_el_prado
141,3,6,0,140,1,8,1,parque_el_prado
141,2,7,0,141,1,8,0,parque_el_prado
134,10,5,1,133,1,14,2,parque_el_prado
138,7,5,0,138,3,9,0,parque_el_prado
135,15,0,0,129,5,10,6,parque_el_prado
141,4,5,0,140,0,9,1,parque_el_prado
131,12,7,0,131,7,12,0,parque_el_prado
133,9,8,0,133,2,15,0,parque_el_prado
142,5,3,0,142,2,6,0,parque_el_prado
142,3,5,0,142,0,8,0,parque_el_prado
137,4,9,0,134,1,12,3,parque_el_prado
139,4,7,0,139,1,10,0,parque_el_prado
137,13,0,0,130,7,6,7,parque_el_prado
139,3,8,0,138,1,10,1,parque_el_prado
138,5,7,0,138,2,10,0,parque_el_prado
139,6,5,0,139,2,9,0,parque_el_prado
135,10,5,0,134,0,15,1,parque_el_prado
138,10,2,0,137,3,9,1,parque_el_prado
100,25,23,2,93,6,42,9,parque_el_prado
118,24,6,2,111,4,26,9,parque_el_prado
150,0,0,0,148,0,0,2,parque_el_prado
141,4,5,0,141,1,8,0,parque_el_prado
89,35,26,0,78,3,58,11,parque_el_prado
149,0,0,1,149,0,0,1,parque_el_prado
65,36,48,1,62,4,80,4,parque_el_prado
139,1,10,0,139,0,11,0,parque_el_prado
80,17,53,0,77,4,66,3,parque_el_prado
125,14,10,1,122,8,16,4,parque_el_prado
123,19,8,0,121,10,17,2,parque_el_prado
91,17,42,0,88,1,58,3,parque_el_prado
139,4,7,0,138,0,11,1,parque_el_prado
141,1,8,0,140,1,8,1,parque_el_prado
136,13,1,0,133,0,14,3,parque_el_prado
139,3,8,0,139,0,11,0,parque_el_prado
73,30,47,0,70,8,69,3,parque_el_prado
133,10,7,0,132,1,16,1,parque_el_prado
49,15,86,0,47,6,95,2,parque_el_prado
135,9,6,0,131,4,11,4,parque_el_prado
125,18,6,1,125,4,20,1,parque_el_prado
121,16,13,0,119,1,28,2,parque_el_prado
136,11,2,1,135,4,9,2,parque_el_prado
135,12,3,0,135,0,15,0,parque_el_prado
106,20,24,0,105,4,40,1,parque_el_prado
138,7,4,1,136,0,11,3,parque_el_prado
132,14,4,0,132,3,15,0,parque_el_prado
134,6,10,0,134,3,13,0,parque_el_prado
133,6,11,0,131,0,17,2,parque_el_prado
115,28,7,0,107,4,31,8,parque_el_prado
140,5,4,1,139,0,9,2,parque_el_prado
139,4,7,0,139,1,10,0,parque_el_prado
131,19,0,0,130,8,11,1,parque_el_prado
139,1,9,1,138,0,10,2,parque_el_prado
113,11,26,0,111,2,35,2,parque_el_prado
136,9,5,0,136,4,10,0,parque_el_prado
142,5,3,0,142,3,5,0,parque_el_prado
130,15,3,2,128,4,14,4,parque_el_prado
142,3,5,0,142,1,7,0,parque_el_prado
63,55,28,4,57,16,67,10,parque_el_prado
116,33,1,0,111,11,23,5,parque_el_prado
141,4,5,0,141,1,8,0,parque_el_prado
129,18,3,0,129,5,16,0,parque_el_prado
136,12,2,0,136,1,13,0,parque_el_prado
119,18,13,0,116,4,27,3,parque_el_prado
139,4,7,0,139,1,10,0,parque_el_prado
137,8,5,0,134,2,11,3,parque_el_prado
16,44,89,1,15,10,123,2,parque_el_prado
131,10,9,0,131,4,15,0,parque_el_prado
150,0,0,0,150,0,0,0,parque_el_prado
135,9,4,2,135,2,11,2,parque_el_prado
150,0,0,0,150,0,0,0,parque_el_prado
141,4,5,0,141,1,8,0,parque_el_prado
32,88,29,1,25,27,90,8,parque_el_prado
142,4,4,0,142,2,6,0,parque_el_prado
140,4,6,0,140,1,9,0,parque_el_prado
133,10,7,0,130,5,12,3,parque_el_prado
134,7,9,0,132,1,15,2,parque_el_prado
107,8,35,0,106,2,41,1,parque_el_prado
119,24,7,0,113,6,25,6,parque_el_prado
142,3,5,0,140,0,8,2,parque_el_prado
141,4,5,0,141,1,8,0,parque_el_prado
131,9,9,1,127,1,17,5,parque_el_prado
139,7,4,0,138,1,10,1,parque_el_prado
127,14,7,2,125,1,20,4,parque_el_prado
130,20,0,0,129,7,13,1,parque_el_prado
139,4,7,0,139,2,9,0,parque_el_prado
24,32,94,0,22,8,118,2,parque_el_prado
137,3,10,0,137,0,13,0,parque_el_prado
149,0,0,1,149,0,0,1,parque_el_prado
65,15,70,0,65,1,84,0,parque_el_prado
141,4,5,0,140,0,9,1,parque_el_prado
141,3,6,0,141,0,9,0,parque_el_prado
92,17,41,0,92,3,55,0,parque_el_prado
81,27,41,1,81,7,61,1,parque_el_prado
37,45,68,0,34,7,106,3,parque_el_prado
139,8,3,0,139,2,9,0,parque_el_prado
139,10,1,0,139,3,8,0,parque_el_prado
139,3,8,0,138,2,9,1,parque_el_prado
107,13,29,1,107,2,40,1,parque_el_prado
140,5,5,0,140,0,10,0,parque_el_prado
142,4,4,0,142,1,7,0,parque_el_prado
137,12,1,0,135,2,11,2,parque_el_prado
103,13,34,0,99,3,44,4,parque_el_prado
140,4,6,0,140,1,9,0,parque_el_prado
115,30,5,0,107,10,25,8,parque_el_prado
119,16,15,0,118,2,29,1,parque_el_prado
97,16,37,0,95,7,46,2,parque_el_prado
134,9,6,1,130,1,14,5,parque_el_prado
143,3,4,0,141,0,7,2,parque_el_prado
140,3,7,0,137,1,9,3,parque_el_prado
127,11,10,2,125,1,20,4,parque_el_prado
116,22,11,1,113,5,28,4,parque_el_prado
98,48,4,0,95,15,37,3,parque_el_prado
136,10,4,0,136,1,13,0,parque_el_prado
139,4,7,0,136,0,11,3,parque_el_prado
40,54,55,1,35,18,91,6,parque_el_prado
150,0,0,0,150,0,0,0,parque_el_prado
122,16,12,0,120,4,24,2,parque_el_prado
123,18,9,0,115,5,22,8,parque_el_prado
78,40,31,1,66,9,62,13,parque_el_prado
138,4,7,1,138,1,10,1,parque_el_prado
135,12,3,0,133,0,15,2,parque_el_prado
131,15,4,0,129,0,19,2,parque_el_prado
63,29,57,1,63,6,80,1,parque_el_prado
138,8,4,0,136,2,10,2,parque_el_prado
101,43,6,0,99,7,42,2,parque_el_prado
128,17,5,0,128,2,20,0,parque_el_prado
131,13,6,0,128,5,14,3,parque_el_prado
143,4,3,0,143,1,6,0,parque_el_prado
139,4,7,0,139,0,11,0,parque_el_prado
112,30,8,0,112,9,29,0,parque_el_prado
76,30,44,0,74,7,67,2,parque_el_prado
135,11,4,0,133,3,12,2,parque_el_prado
60,12,78,0,60,2,88,0,parque_el_prado
134,11,4,1,134,4,11,1,parque_el_prado
138,5,7,0,138,2,10,0,parque_el_prado
143,2,5,0,141,0,7,2,parque_el_prado
141,2,7,0,141,0,9,0,parque_el_prado
115,31,4,0,110,8,27,5,parque_el_prado
142,3,5,0,142,1,7,0,parque_el_prado
150,0,0,0,150,0,0,0,parque_el_prado
143,2,5,0,143,0,7,0,parque_el_prado
138,6,5,1,137,1,10,2,parque_el_prado
142,2,6,0,141,0,8,1,parque_el_prado
138,3,9,0,138,0,12,0,parque_el_prado
128,9,13,0,124,2,20,4,parque_el_prado
84,47,19,0,80,12,54,4,parque_el_prado
133,9,8,0,133,3,14,0,parque_el_prado
58,28,64,0,57,5,87,1,parque_el_prado
91,20,39,0,83,4,55,8,parque_el_prado
138,5,7,0,138,0,12,0,parque_el_prado
103,35,12,0,100,12,35,3,parque_el_prado
129,16,4,1,123,3,17,7,parque_el_prado
150,0,0,0,150,0,0,0,parque_el_prado
137,10,3,0,135,4,9,2,parque_el_prado
122,16,12,0,122,12,16,0,parque_el_prado
110,15,25,0,106,2,38,4,parque_el_prado
139,5,5,1,139,1,9,1,parque_el_prado
138,11,1,0,136,1,11,2,parque_el_prado
136,8,3,3,133,0,11,6,parque_el_prado
150,0,0,0,147,0,0,3,parque_el_prado
138,3,9,0,135,0,12,3,parque_el_prado
150,0,0,0,148,0,0,2,parque_el_prado
139,3,8,0,137,0,11,2,parque_el_prado
128,15,7,0,127,5,17,1,parque_el_prado
92,15,42,1,87,2,55,6,parque_el_prado
124,22,4,0,119,6,20,5,parque_el_prado
106,40,3,1,103,13,30,4,parque_el_prado
141,3,6,0,141,1,8,0,parque_el_prado
137,8,5,0,134,2,11,3,parque_el_prado
135,7,8,0,133,1,14,2,parque_el_prado
130,10,10,0,127,1,19,3,parque_el_prado
135,11,4,0,132,1,14,3,parque_el_prado
126,8,16,0,121,4,20,5,parque_el_prado
140,3,7,0,139,1,9,1,parque_el_prado
136,9,5,0,135,3,11,1,parque_el_prado
88,17,45,0,87,4,58,1,parque_el_prado
141,5,4,0,141,2,7,0,parque_el_prado
141,3,6,0,141,0,9,0,parque_el_prado
133,17,0,0,132,8,9,1,parque_el_prado
143,3,4,0,142,1,6,1,parque_el_prado
123,16,11,0,123,5,22,0,parque_el_prado
133,9,8,0,127,1,16,6,parque_el_prado
13,42,92,3,8,8,126,8,parque_el_prado
119,11,20,0,119,2,29,0,parque_el_prado
137,10,3,0,137,0,13,0,parque_el_prado
122,11,17,0,122,5,23,0,parque_el_prado
136,8,5,1,131,1,12,6,parque_el_prado
138,6,6,0,138,1,11,0,parque_el_prado
102,11,37,0,101,2,46,1,parque_el_prado
33,49,68,0,31,3,114,2,parque_el_prado
104,28,18,0,104,12,34,0,parque_el_prado
88,12,50,0,86,3,59,2,parque_el_prado
129,7,12,2,121,0,19,10,parque_el_prado
149,0,0,1,143,0,0,7,parque_el_prado
49,54,47,0,47,17,84,2,parque_el_prado
136,6,8,0,133,1,13,3,parque_el_prado
142,4,4,0,142,2,6,0,parque_el_prado
136,9,5,0,135,0,14,1,parque_el_prado
71,22,57,0,68,4,75,3,parque_el_prado
92,15,43,0,91,3,55,1,parque_el_prado
138,10,2,0,138,2,10,0,parque_el_prado
150,0,0,0,150,0,0,0,parque_el_prado
49,51,50,0,47,3,98,2,parque_el_prado
135,7,7,1,135,4,10,1,parque_el_prado
150,0,0,0,150,0,0,0,parque_el_prado
132,14,4,0,132,3,15,0,parque_el_prado
114,17,17,2,110,3,31,6,parque_el_prado
140,5,5,0,140,1,9,0,parque_el_prado
136,5,9,0,135,1,13,1,parque_el_prado
150,0,0,0,150,0,0,0,parque_el_prado
141,5,4,0,141,0,9,0,parque_el_prado
141,4,5,0,141,1,8,0,parque_el_prado
138,7,5,0,137,3,9,1,parque_el_prado
103,27,20,0,99,6,41,4,parque_el_prado
115,28,5,2,107,12,21,10,parque_el_prado
148,0,0,2,147,0,0,3,parque_el_prado
115,17,17,1,108,1,33,8,parque_el_prado
141,4,5,0,141,1,8,0,parque_el_prado
128,11,11,0,128,1,21,0,parque_el_prado
141,3,6,0,141,2,7,0,parque_el_prado
131,18,1,0,128,9,10,3,parque_el_prado
140,3,7,0,140,1,9,0,parque_el_prado
142,4,4,0,142,2,6,0,parque_el_prado
142,4,4,0,141,2,6,1,parque_el_prado
134,13,3,0,131,2,14,3,parque_el_prado
134,14,1,1,133,0,15,2,parque_el_prado
115,15,20,0,109,3,32,6,parque_el_prado
134,13,3,0,133,3,13,1,parque_el_prado
133,13,4,0,129,1,16,4,parque_el_prado
91,23,36,0,90,8,51,1,parque_el_prado
140,3,7,0,138,0,10,2,parque_el_prado
138,3,9,0,135,1,11,3,parque_el_prado
134,4,12,0,134,0,16,0,parque_el_prado
150,0,0,0,150,0,0,0,parque_el_prado
138,7,5,0,136,2,10,2,parque_el_prado
141,3,6,0,141,1,8,0,parque_el_prado
133,9,8,0,131,2,15,2,parque_el_prado
140,3,7,0,140,1,9,0,parque_el_prado
137,11,2,0,136,1,12,1,parque_el_prado
90,39,21,0,88,5,55,2,parque_el_prado
142,4,4,0,142,2,6,0,parque_el_prado
135,8,7,0,133,0,15,2,parque_el_prado
15,68,67,0,9,16,119,6,parque_el_prado
60,39,51,0,55,13,77,5,parque_el_prado
137,7,6,0,136,3,10,1,parque_el_prado
137,7,5,1,137,1,11,1,parque_el_prado
125,20,5,0,123,11,14,2,parque_el_prado
115,25,10,0,113,6,29,2,parque_el_prado
134,9,6,1,131,2,13,4,parque_el_prado
139,6,5,0,135,1,10,4,parque_el_prado
135,10,5,0,135,3,12,0,parque_el_prado
140,3,7,0,137,1,9,3,parque_el_prado
98,15,37,0,98,0,52,0,parque_el_prado
138,3,9,0,138,0,12,0,parque_el_prado
150,0,0,0,150,0,0,0,parque_el_prado
126,14,9,1,126,2,21,1,parque_el_prado
137,7,6,0,136,2,11,1,parque_el_prado
136,14,0,0,136,5,9,0,parque_el_prado
149,0,0,1,148,0,0,2,parque_el_prado
132,11,7,0,132,2,16,0,parque_el_prado
139,3,8,0,139,1,10,0,parque_el_prado
135,13,2,0,133,4,11,2,parque_el_prado
139,5,6,0,139,1,10,0,mercado_rodriguez
150,0,0,0,150,0,0,0,mercado_rodriguez
143,2,5,0,142,0,7,1,mercado_rodriguez
76,42,29,3,67,11,60,12,mercado_rodriguez
110,10,30,0,109,2,38,1,mercado_rodriguez
141,3,6,0,140,1,8,1,mercado_rodriguez
76,20,53,1,69,3,70,8,mercado_rodriguez
141,3,6,0,140,0,9,1,mercado_rodriguez
141,4,5,0,140,0,9,1,mercado_rodriguez
139,6,5,0,139,1,10,0,mercado_rodriguez
131,15,4,0,125,2,17,6,mercado_rodriguez
139,6,5,0,139,1,10,0,mercado_rodriguez
135,4,10,1,134,1,13,2,mercado_rodriguez
130,19,0,1,127,4,15,4,mercado_rodriguez
140,4,6,0,139,1,9,1,mercado_rodriguez
139,3,7,1,138,0,10,2,mercado_rodriguez
104,11,35,0,104,5,41,0,mercado_rodriguez
139,4,7,0,139,3,8,0,mercado_rodriguez
140,5,5,0,140,0,10,0,mercado_rodriguez
133,17,0,0,132,4,13,1,mercado_rodriguez
140,6,4,0,140,2,8,0,mercado_rodriguez
138,5,7,0,138,0,12,0,mercado_rodriguez
141,1,8,0,139,0,9,2,mercado_rodriguez
75,23,52,0,69,4,71,6,mercado_rodriguez
150,0,0,0,149,0,0,1,mercado_rodriguez
118,19,12,1,115,4,27,4,mercado_rodriguez
138,7,5,0,137,2,10,1,mercado_rodriguez
140,4,6,0,140,2,8,0,mercado_rodriguez
139,3,8,0,137,1,10,2,mercado_rodriguez
139,3,8,0,139,0,11,0,mercado_rodriguez
138,5,7,0,138,2,10,0,mercado_rodriguez
115,8,27,0,115,3,32,0,mercado_rodriguez
129,16,5,0,129,5,16,0,mercado_rodriguez
127,13,10,0,121,4,19,6,mercado_rodriguez
100,42,7,1,94,18,31,7,mercado_rodriguez
139,3,8,0,138,1,10,1,mercado_rodriguez
135,11,4,0,135,0,15,0,mercado_rodriguez
150,0,0,0,150,0,0,0,mercado_rodriguez
150,0,0,0,149,0,0,1,mercado_rodriguez
134,10,5,1,134,1,14,1,mercado_rodriguez
139,11,0,0,138,1,10,1,mercado_rodriguez
126,15,9,0,121,3,21,5,mercado_rodriguez
141,2,7,0,140,1,8,1,mercado_rodriguez
113,14,23,0,113,3,34,0,mercado_rodriguez
111,10,28,1,110,4,34,2,mercado_rodriguez
132,12,6,0,132,8,10,0,mercado_rodriguez
113,19,17,1,109,1,35,5,mercado_rodriguez
142,3,5,0,142,2,6,0,mercado_rodriguez
129,18,3,0,127,5,16,2,mercado_rodriguez
134,13,3,0,134,6,10,0,mercado_rodriguez
140,3,7,0,139,1,9,1,mercado_rodriguez
35,20,94,1,32,7,107,4,mercado_rodriguez
149,0,0,1,149,0,0,1,mercado_rodriguez
93,14,42,1,91,3,53,3,mercado_rodriguez
135,11,4,0,134,1,14,1,mercado_rodriguez
49,61,40,0,48,24,77,1,mercado_rodriguez
137,10,2,1,136,2,10,2,mercado_rodriguez
136,10,4,0,136,1,13,0,mercado_rodriguez
74,15,61,0,73,2,74,1,mercado_rodriguez
131,7,12,0,129,1,18,2,mercado_rodriguez
123,16,11,0,120,10,17,3,mercado_rodriguez
142,2,6,0,141,0,8,1,mercado_rodriguez
140,4,6,0,139,0,10,1,mercado_rodriguez
139,3,8,0,135,2,9,4,mercado_rodriguez
85,36,29,0,79,8,57,6,mercado_rodriguez
134,10,6,0,133,4,12,1,mercado_rodriguez
140,4,6,0,140,1,9,0,mercado_rodriguez
141,4,5,0,140,2,7,1,mercado_rodriguez
141,3,6,0,139,1,8,2,mercado_rodriguez
138,10,2,0,134,0,12,4,mercado_rodriguez
110,13,27,0,110,2,38,0,mercado_rodriguez
137,5,7,1,135,1,11,3,mercado_rodriguez
142,3,5,0,142,0,8,0,mercado_rodriguez
94,30,25,1,89,17,38,6,mercado_rodriguez
139,4,7,0,139,4,7,0,mercado_rodriguez
135,12,3,0,132,5,10,3,mercado_rodriguez
23,50,76,1,19,23,103,5,mercado_rodriguez
89,32,29,0,85,15,46,4,mercado_rodriguez
140,4,6,0,139,0,10,1,mercado_rodriguez
150,0,0,0,150,0,0,0,mercado_rodriguez
149,0,0,1,149,0,0,1,mercado_rodriguez
135,12,3,0,133,2,13,2,mercado_rodriguez
140,4,6,0,140,2,8,0,mercado_rodriguez
137,10,3,0,135,3,10,2,mercado_rodriguez
135,15,0,0,135,3,12,0,mercado_rodriguez
142,3,5,0,142,1,7,0,mercado_rodriguez
140,3,7,0,139,0,10,1,mercado_rodriguez
137,8,5,0,134,1,12,3,mercado_rodriguez
139,1,10,0,137,0,11,2,mercado_rodriguez
136,11,3,0,134,5,9,2,mercado_rodriguez
136,8,6,0,135,1,13,1,mercado_rodriguez
150,0,0,0,150,0,0,0,mercado_rodriguez
139,3,8,0,138,0,11,1,mercado_rodriguez
92,28,30,0,91,11,47,1,mercado_rodriguez
143,3,4,0,143,1,6,0,mercado_rodriguez
140,6,4,0,140,0,10,0,mercado_rodriguez
134,13,3,0,132,3,13,2,mercado_rodriguez
65,23,62,0,59,9,76,6,mercado_rodriguez
100,14,36,0,100,4,46,0,mercado_rodriguez
137,4,9,0,136,1,12,1,mercado_rodriguez
124,14,11,1,122,2,23,3,mercado_rodriguez
137,7,6,0,135,5,8,2,mercado_rodriguez
112,19,18,1,109,12,25,4,mercado_rodriguez
137,7,6,0,134,0,13,3,mercado_rodriguez
140,4,6,0,140,1,9,0,mercado_rodriguez
150,0,0,0,150,0,0,0,mercado_rodriguez
142,2,6,0,142,0,8,0,mercado_rodriguez
67,19,64,0,65,4,79,2,mercado_rodriguez
132,8,10,0,132,2,16,0,mercado_rodriguez
133,5,11,1,132,1,15,2,mercado_rodriguez
138,10,2,0,138,0,12,0,mercado_rodriguez
141,2,7,0,141,0,9,0,mercado_rodriguez
134,11,5,0,133,4,12,1,mercado_rodriguez
114,13,23,0,113,2,34,1,mercado_rodriguez
137,7,6,0,135,4,9,2,mercado_rodriguez
141,3,6,0,140,1,8,1,mercado_rodriguez
136,12,2,0,136,2,12,0,mercado_rodriguez
92,23,35,0,92,9,49,0,mercado_rodriguez
19,86,45,0,14,16,115,5,mercado_rodriguez
150,0,0,0,150,0,0,0,mercado_rodriguez
27,60,63,0,26,31,92,1,mercado_rodriguez
111,17,22,0,109,1,38,2,mercado_rodriguez
137,4,9,0,136,0,13,1,mercado_rodriguez
139,8,3,0,139,3,8,0,mercado_rodriguez
139,5,6,0,138,0,11,1,mercado_rodriguez
107,9,33,1,105,4,38,3,mercado_rodriguez
139,4,7,0,138,0,11,1,mercado_rodriguez
127,19,3,1,123,3,19,5,mercado_rodriguez
135,12,3,0,135,4,11,0,mercado_rodriguez
135,14,1,0,128,0,15,7,mercado_rodriguez
140,2,8,0,140,1,9,0,mercado_rodriguez
127,17,6,0,122,2,21,5,mercado_rodriguez
134,13,3,0,134,1,15,0,mercado_rodriguez
140,4,6,0,140,0,10,0,mercado_rodriguez
137,5,8,0,137,4,9,0,mercado_rodriguez
140,5,5,0,140,1,9,0,mercado_rodriguez
138,11,1,0,138,2,10,0,mercado_rodriguez
89,19,42,0,86,11,50,3,mercado_rodriguez
38,52,59,1,37,23,88,2,mercado_rodriguez
139,9,2,0,137,1,10,2,mercado_rodriguez
139,5,6,0,139,3,8,0,mercado_rodriguez
140,5,5,0,140,2,8,0,mercado_rodriguez
135,10,5,0,135,3,12,0,mercado_rodriguez
133,5,11,1,131,1,15,3,mercado_rodriguez
82,48,18,2,80,26,40,4,mercado_rodriguez
141,3,6,0,141,0,9,0,mercado_rodriguez
141,3,6,0,140,0,9,1,mercado_rodriguez
137,9,4,0,136,1,12,1,mercado_rodriguez
141,4,5,0,141,2,7,0,mercado_rodriguez
128,17,5,0,127,3,19,1,mercado_rodriguez
59,22,69,0,58,9,82,1,mercado_rodriguez
135,7,8,0,135,4,11,0,mercado_rodriguez
135,15,0,0,135,5,10,0,mercado_rodriguez
110,27,13,0,108,7,33,2,mercado_rodriguez
138,8,4,0,138,2,10,0,mercado_rodriguez
135,3,12,0,133,0,15,2,mercado_rodriguez
133,9,8,0,129,0,17,4,mercado_rodriguez
140,4,6,0,140,2,8,0,mercado_rodriguez
131,9,9,1,128,2,16,4,mercado_rodriguez
133,13,4,0,132,2,15,1,mercado_rodriguez
134,13,3,0,134,5,11,0,mercado_rodriguez
68,11,70,1,67,2,79,2,mercado_rodriguez
141,4,5,0,141,3,6,0,mercado_rodriguez
141,3,6,0,140,1,8,1,mercado_rodriguez
142,3,5,0,142,2,6,0,mercado_rodriguez
134,12,4,0,132,5,11,2,mercado_rodriguez
113,31,6,0,113,8,29,0,mercado_rodriguez
138,4,8,0,136,0,12,2,mercado_rodriguez
120,12,18,0,120,3,27,0,mercado_rodriguez
134,9,7,0,134,2,14,0,mercado_rodriguez
142,5,3,0,142,2,6,0,mercado_rodriguez
132,15,3,0,127,2,16,5,mercado_rodriguez
138,4,8,0,138,0,12,0,mercado_rodriguez
77,32,41,0,73,5,68,4,mercado_rodriguez
150,0,0,0,150,0,0,0,mercado_rodriguez
134,12,4,0,134,2,14,0,mercado_rodriguez
141,4,5,0,139,2,7,2,mercado_rodriguez
129,19,2,0,123,6,15,6,mercado_rodriguez
135,3,11,1,132,1,13,4,mercado_rodriguez
137,4,9,0,137,2,11,0,mercado_rodriguez
136,6,7,1,134,1,12,3,mercado_rodriguez
136,13,1,0,136,3,11,0,mercado_rodriguez
139,4,7,0,139,2,9,0,mercado_rodriguez
137,5,8,0,136,2,11,1,mercado_rodriguez
150,0,0,0,143,0,0,7,mercado_rodriguez
139,11,0,0,138,2,9,1,mercado_rodriguez
139,6,5,0,138,1,10,1,mercado_rodriguez
141,3,6,0,141,2,7,0,mercado_rodriguez
132,12,6,0,129,1,17,3,mercado_rodriguez
123,18,9,0,121,7,20,2,mercado_rodriguez
134,13,3,0,133,3,13,1,mercado_rodriguez
141,3,6,0,140,1,8,1,mercado_rodriguez
139,9,2,0,138,2,9,1,mercado_rodriguez
140,10,0,0,138,2,8,2,mercado_rodriguez
127,10,12,1,125,5,17,3,mercado_rodriguez
104,9,37,0,102,2,44,2,mercado_rodriguez
137,7,6,0,134,1,12,3,mercado_rodriguez
150,0,0,0,150,0,0,0,mercado_rodriguez
80,23,45,2,70,5,63,12,mercado_rodriguez
127,14,8,1,117,5,17,11,mercado_rodriguez
130,16,4,0,129,2,18,1,mercado_rodriguez
134,13,3,0,134,6,10,0,mercado_rodriguez
141,7,2,0,141,3,6,0,mercado_rodriguez
117,9,24,0,115,2,31,2,mercado_rodriguez
128,21,1,0,127,3,19,1,mercado_rodriguez
138,6,6,0,137,1,11,1,mercado_rodriguez
135,12,3,0,135,2,13,0,mercado_rodriguez
89,9,51,1,86,2,58,4,mercado_rodriguez
134,16,0,0,133,9,7,1,mercado_rodriguez
136,13,1,0,136,6,8,0,mercado_rodriguez
113,13,24,0,113,8,29,0,mercado_rodriguez
116,23,9,2,114,5,27,4,mercado_rodriguez
138,8,4,0,137,2,10,1,mercado_rodriguez
12,45,92,1,10,14,123,3,mercado_rodriguez
137,6,7,0,137,1,12,0,mercado_rodriguez
135,2,13,0,130,1,14,5,mercado_rodriguez
139,1,10,0,138,0,11,1,mercado_rodriguez
138,5,7,0,137,2,10,1,mercado_rodriguez
104,7,39,0,103,2,44,1,mercado_rodriguez
132,15,2,1,132,4,13,1,mercado_rodriguez
143,2,5,0,143,0,7,0,mercado_rodriguez
134,5,11,0,132,1,15,2,mercado_rodriguez
135,13,2,0,135,7,8,0,mercado_rodriguez
141,5,4,0,141,1,8,0,mercado_rodriguez
112,22,15,1,110,2,35,3,mercado_rodriguez
125,18,6,1,120,4,20,6,mercado_rodriguez
139,2,9,0,138,0,11,1,mercado_rodriguez
138,5,7,0,138,1,11,0,mercado_rodriguez
93,19,38,0,93,3,54,0,mercado_rodriguez
130,13,6,1,125,4,15,6,mercado_rodriguez
139,3,8,0,136,0,11,3,mercado_rodriguez
111,6,33,0,108,3,36,3,mercado_rodriguez
136,4,10,0,135,3,11,1,mercado_rodriguez
140,3,7,0,140,2,8,0,mercado_rodriguez
132,14,4,0,129,1,17,3,mercado_rodriguez
142,4,4,0,142,1,7,0,mercado_rodriguez
138,6,6,0,137,0,12,1,mercado_rodriguez
138,9,3,0,135,1,11,3,mercado_rodriguez
133,11,6,0,133,6,11,0,mercado_rodriguez
133,10,6,1,131,2,14,3,mercado_rodriguez
103,19,27,1,103,6,40,1,mercado_rodriguez
101,16,33,0,97,1,48,4,mercado_rodriguez
135,12,2,1,134,7,7,2,mercado_rodriguez
134,10,5,1,131,4,11,4,mercado_rodriguez
142,1,7,0,141,0,8,1,mercado_rodriguez
135,5,10,0,135,3,12,0,mercado_rodriguez
120,19,8,3,111,6,21,12,mercado_rodriguez
130,8,12,0,128,3,17,2,mercado_rodriguez
140,3,7,0,140,0,10,0,mercado_rodriguez
138,4,8,0,138,1,11,0,mercado_rodriguez
132,16,2,0,129,2,16,3,mercado_rodriguez
140,8,2,0,139,1,9,1,mercado_rodriguez
140,2,8,0,140,0,10,0,mercado_rodriguez
141,6,3,0,140,2,7,1,mercado_rodriguez
103,21,26,0,103,7,40,0,mercado_rodriguez
150,0,0,0,150,0,0,0,mercado_rodriguez
137,4,9,0,137,1,12,0,mercado_rodriguez
126,16,8,0,123,4,20,3,mercado_rodriguez
137,10,3,0,135,0,13,2,mercado_rodriguez
98,13,39,0,97,5,47,1,mercado_rodriguez
139,4,7,0,137,1,10,2,mercado_rodriguez
139,10,1,0,139,2,9,0,mercado_rodriguez
140,5,5,0,138,0,10,2,mercado_rodriguez
140,4,6,0,140,0,10,0,mercado_rodriguez
134,10,5,1,130,1,14,5,mercado_rodriguez
135,9,5,1,134,1,13,2,mercado_rodriguez
136,6,8,0,133,2,12,3,mercado_rodriguez
142,3,5,0,142,1,7,0,mercado_rodriguez
134,11,5,0,134,7,9,0,mercado_rodriguez
141,2,7,0,141,2,7,0,mercado_rodriguez
138,9,3,0,137,3,9,1,mercado_rodriguez
73,17,59,1,72,0,76,2,mercado_rodriguez
143,2,5,0,143,1,6,0,mercado_rodriguez
140,5,5,0,139,1,9,1,mercado_rodriguez
141,4,4,1,140,1,7,2,mercado_rodriguez
139,9,2,0,139,4,7,0,mercado_rodriguez
141,2,7,0,140,0,9,1,mercado_rodriguez
134,5,10,1,126,0,15,9,mercado_rodriguez
140,3,7,0,140,0,10,0,mercado_rodriguez
135,14,1,0,131,4,11,4,mercado_rodriguez
150,0,0,0,148,0,0,2,mercado_rodriguez
137,7,6,0,134,1,12,3,mercado_rodriguez
142,3,5,0,142,1,7,0,mercado_rodriguez
140,3,7,0,140,1,9,0,mercado_rodriguez
131,15,4,0,126,4,15,5,mercado_rodriguez
90,27,33,0,86,7,53,4,mercado_rodriguez
120,22,8,0,120,6,24,0,mercado_rodriguez
138,6,6,0,137,5,7,1,mercado_rodriguez
135,3,12,0,131,1,14,4,mercado_rodriguez
150,0,0,0,150,0,0,0,mercado_rodriguez
121,20,8,1,119,4,24,3,mercado_rodriguez
139,9,2,0,138,0,11,1,mercado_rodriguez
133,9,8,0,133,2,15,0,mercado_rodriguez
137,7,6,0,136,2,11,1,mercado_rodriguez
135,10,5,0,134,5,10,1,mercado_rodriguez
133,13,4,0,126,3,14,7,mercado_rodriguez
114,24,11,1,108,4,31,7,mercado_rodriguez
134,10,6,0,133,1,15,1,mercado_rodriguez
137,6,7,0,137,3,10,0,mercado_rodriguez
126,11,13,0,124,3,21,2,mercado_rodriguez
140,2,8,0,137,0,10,3,mercado_rodriguez
150,0,0,0,150,0,0,0,mercado_rodriguez
136,8,6,0,136,2,12,0,mercado_rodriguez
140,4,6,0,139,0,10,1,mercado_rodriguez
134,8,8,0,133,3,13,1,mercado_rodriguez
99,10,41,0,99,3,48,0,mercado_rodriguez
136,14,0,0,136,4,10,0,mercado_rodriguez
125,13,11,1,122,5,19,4,mercado_rodriguez
132,9,9,0,130,3,15,2,mercado_rodriguez
133,8,9,0,133,6,11,0,mercado_rodriguez
31,50,66,3,27,21,95,7,mercado_rodriguez
99,26,24,1,99,10,40,1,mercado_rodriguez
140,2,7,1,139,0,9,2,mercado_rodriguez
100,20,30,0,100,3,47,0,mercado_rodriguez
141,2,7,0,141,0,9,0,mercado_rodriguez
137,10,3,0,137,5,8,0,mercado_rodriguez
137,10,3,0,134,0,13,3,mercado_rodriguez
132,16,2,0,128,0,18,4,mercado_rodriguez
132,12,6,0,130,1,17,2,mercado_rodriguez
141,4,5,0,141,1,8,0,mercado_rodriguez
50,60,40,0,42,17,83,8,mercado_rodriguez
128,10,11,1,127,3,18,2,mercado_rodriguez
142,5,3,0,142,0,8,0,mercado_rodriguez
117,10,23,0,117,1,32,0,mercado_rodriguez
89,16,45,0,89,9,52,0,mercado_rodriguez
142,2,6,0,142,0,8,0,mercado_rodriguez
139,3,8,0,139,1,10,0,mercado_rodriguez
137,6,7,0,137,4,9,0,mercado_rodriguez
114,23,13,0,114,15,21,0,mercado_rodriguez
66,62,21,1,56,17,66,11,mercado_rodriguez
41,50,59,0,39,10,99,2,mercado_rodriguez
132,13,5,0,131,4,14,1,mercado_rodriguez
66,13,71,0,64,3,81,2,mercado_rodriguez
112,12,26,0,110,1,37,2,mercado_rodriguez
138,11,1,0,137,7,5,1,mercado_rodriguez
140,8,2,0,139,1,9,1,mercado_rodriguez
117,24,9,0,115,9,24,2,mercado_rodriguez
102,24,24,0,95,15,33,7,mercado_rodriguez
133,10,7,0,133,2,15,0,mercado_rodriguez
135,10,5,0,135,5,10,0,mercado_rodriguez
131,16,3,0,130,2,17,1,mercado_rodriguez
143,3,4,0,141,1,6,2,mercado_rodriguez
141,4,5,0,141,2,7,0,mercado_rodriguez
112,22,16,0,112,10,28,0,mercado_rodriguez
141,3,6,0,141,0,9,0,mercado_rodriguez
150,0,0,0,150,0,0,0,mercado_rodriguez
112,18,19,1,110,8,29,3,mercado_rodriguez
137,6,7,0,133,1,12,4,mercado_rodriguez
150,0,0,0,150,0,0,0,mercado_rodriguez
113,32,4,1,107,8,28,7,mercado_rodriguez
137,7,6,0,134,2,11,3,mercado_rodriguez
136,9,4,1,135,3,10,2,mercado_rodriguez
129,13,7,1,128,3,17,2,mercado_rodriguez
120,19,10,1,118,10,19,3,mercado_rodriguez
101,22,26,1,100,6,42,2,mercado_rodriguez
137,8,5,0,137,5,8,0,mercado_rodriguez
140,3,7,0,139,0,10,1,mercado_rodriguez
141,3,6,0,140,1,8,1,mercado_rodriguez
139,9,2,0,132,0,11,7,mercado_rodriguez
135,7,8,0,135,1,14,0,mercado_rodriguez
142,3,5,0,141,0,8,1,mercado_rodriguez
136,4,10,0,134,0,14,2,mercado_rodriguez
150,0,0,0,150,0,0,0,mercado_rodriguez
140,2,8,0,139,0,10,1,mercado_rodriguez
96,7,47,0,93,2,52,3,mercado_rodriguez
130,13,7,0,129,2,18,1,mercado_rodriguez
139,4,7,0,138,0,11,1,mercado_rodriguez
143,2,5,0,142,0,7,1,mercado_rodriguez
137,8,5,0,135,0,13,2,mercado_rodriguez
91,26,33,0,90,9,50,1,mercado_rodriguez
141,4,5,0,141,1,8,0,mercado_rodriguez
88,16,46,0,88,9,53,0,mercado_rodriguez
134,9,7,0,133,4,12,1,mercado_rodriguez
141,3,6,0,141,0,9,0,mercado_rodriguez
113,16,21,0,111,4,33,2,mercado_rodriguez
100,14,36,0,98,2,48,2,mercado_rodriguez
138,6,6,0,138,0,12,0,mercado_rodriguez
131,13,6,0,130,7,12,1,mercado_rodriguez
121,20,7,2,113,8,19,10,mercado_rodriguez
91,6,53,0,90,5,54,1,mercado_rodriguez
141,4,5,0,140,0,9,1,mercado_rodriguez
138,5,7,0,138,0,12,0,mercado_rodriguez
124,12,14,0,123,3,23,1,mercado_rodriguez
126,19,5,0,125,2,22,1,mercado_rodriguez
130,20,0,0,129,14,6,1,mercado_rodriguez
113,18,13,6,97,4,27,22,mercado_rodriguez
113,36,0,1,103,13,23,11,mercado_rodriguez
38,44,68,0,37,14,98,1,mercado_rodriguez
131,9,9,1,131,4,14,1,mercado_rodriguez
56,13,81,0,53,3,91,3,mercado_rodriguez
141,9,0,0,130,7,2,11,mercado_rodriguez
132,6,12,0,132,2,16,0,mercado_rodriguez
133,12,5,0,132,3,14,1,mercado_rodriguez
133,8,9,0,132,5,12,1,mercado_rodriguez
142,3,5,0,142,0,8,0,mercado_rodriguez
36,33,80,1,35,6,107,2,mercado_rodriguez
139,7,4,0,137,1,10,2,mercado_rodriguez
78,34,38,0,74,9,63,4,mercado_rodriguez
141,5,4,0,141,2,7,0,mercado_rodriguez
133,15,1,1,133,4,12,1,mercado_rodriguez
130,7,13,0,128,2,18,2,mercado_rodriguez
136,9,4,1,135,1,12,2,mercado_rodriguez
141,3,6,0,140,0,9,1,mercado_rodriguez
20,53,76,1,15,18,111,6,mercado_rodriguez
141,4,5,0,141,0,9,0,mercado_rodriguez
139,4,7,0,139,1,10,0,mercado_rodriguez
136,13,0,1,132,5,8,5,mercado_rodriguez
137,4,9,0,137,1,12,0,mercado_rodriguez
138,5,7,0,137,0,12,1,mercado_rodriguez
136,8,5,1,136,3,10,1,mercado_rodriguez
150,0,0,0,149,0,0,1,mercado_rodriguez
135,14,1,0,132,4,11,3,mercado_rodriguez
130,19,1,0,129,10,10,1,mercado_rodriguez
150,0,0,0,150,0,0,0,mercado_rodriguez
141,4,5,0,141,1,8,0,mercado_rodriguez
98,18,34,0,97,9,43,1,mercado_rodriguez
137,11,2,0,134,3,10,3,mercado_rodriguez
108,16,26,0,104,8,34,4,mercado_rodriguez
140,4,6,0,139,1,9,1,mercado_rodriguez
116,28,6,0,116,12,22,0,mercado_rodriguez
110,19,21,0,107,5,35,3,mercado_rodriguez
150,0,0,0,150,0,0,0,mercado_rodriguez
128,16,4,2,128,5,15,2,mercado_rodriguez
135,8,6,1,134,2,12,2,mercado_rodriguez
124,19,7,0,122,7,19,2,mercado_rodriguez
138,3,9,0,136,0,12,2,mercado_rodriguez
139,4,7,0,139,1,10,0,mercado_rodriguez
150,0,0,0,150,0,0,0,mercado_rodriguez
139,5,6,0,138,0,11,1,mercado_rodriguez
147,0,0,3,141,0,0,9,mercado_rodriguez
143,2,5,0,142,0,7,1,mercado_rodriguez
139,5,6,0,139,1,10,0,mercado_rodriguez
142,4,4,0,142,2,6,0,mercado_rodriguez
117,22,11,0,117,14,19,0,mercado_rodriguez
139,4,7,0,139,2,9,0,mercado_rodriguez
134,8,8,0,134,2,14,0,mercado_rodriguez
142,2,6,0,142,0,8,0,mercado_rodriguez
123,9,18,0,120,2,25,3,mercado_rodriguez
68,18,63,1,64,4,77,5,mercado_rodriguez
138,6,6,0,132,2,10,6,mercado_rodriguez
131,10,8,1,131,0,18,1,mercado_rodriguez
142,3,5,0,140,1,7,2,mercado_rodriguez
150,0,0,0,150,0,0,0,mercado_rodriguez
135,10,5,0,132,0,15,3,mercado_rodriguez
150,0,0,0,149,0,0,1,mercado_rodriguez
134,9,7,0,134,6,10,0,mercado_rodriguez
81,31,37,1,78,10,58,4,mercado_rodriguez
139,8,3,0,139,1,10,0,mercado_rodriguez
116,26,8,0,115,4,30,1,mercado_rodriguez
132,12,6,0,129,1,17,3,mercado_rodriguez
141,4,5,0,141,3,6,0,mercado_rodriguez
35,17,98,0,32,5,110,3,mercado_rodriguez
135,7,7,1,134,1,13,2,mercado_rodriguez
61,30,59,0,54,6,83,7,mercado_rodriguez
137,13,0,0,134,2,11,3,mercado_rodriguez
136,9,5,0,134,3,11,2,mercado_rodriguez
71,64,13,2,61,20,57,12,mercado_rodriguez
139,4,7,0,139,1,10,0,mercado_rodriguez
133,13,3,1,131,4,12,3,mercado_rodriguez
140,3,6,1,140,1,8,1,mercado_rodriguez
94,14,40,2,92,5,49,4,mercado_rodriguez
138,11,1,0,136,3,9,2,mercado_rodriguez
137,10,3,0,137,3,10,0,mercado_rodriguez
131,14,5,0,129,5,14,2,mercado_rodriguez
98,15,37,0,97,4,48,1,mercado_rodriguez
133,14,3,0,133,3,14,0,mercado_rodriguez
141,4,5,0,141,0,9,0,mercado_rodriguez
134,11,5,0,133,5,11,1,mercado_rodriguez
149,0,0,1,149,0,0,1,mercado_rodriguez
45,27,78,0,41,7,98,4,mercado_rodriguez
97,14,39,0,94,6,47,3,mercado_rodriguez
140,6,4,0,139,0,10,1,mercado_rodriguez
142,3,5,0,142,0,8,0,mercado_rodriguez
71,35,43,1,68,7,71,4,mercado_rodriguez
133,16,1,0,132,6,11,1,mercado_rodriguez
73,14,63,0,73,4,73,0,mercado_rodriguez
127,7,15,1,126,1,21,2,mercado_rodriguez
140,3,6,1,140,0,9,1,mercado_rodriguez
141,2,7,0,141,0,9,0,mercado_rodriguez
130,10,8,2,122,3,15,10,mercado_rodriguez
134,9,7,0,128,3,13,6,mercado_rodriguez
142,3,5,0,141,0,8,1,mercado_rodriguez
41,41,68,0,32,14,95,9,mercado_rodriguez
136,11,3,0,135,1,13,1,mercado_rodriguez
140,6,4,0,139,2,8,1,mercado_rodriguez
136,13,1,0,132,3,11,4,mercado_rodriguez
150,0,0,0,150,0,0,0,mercado_rodriguez
139,10,1,0,139,4,7,0,mercado_rodriguez
136,11,3,0,135,2,12,1,mercado_rodriguez
132,8,10,0,129,1,17,3,mercado_rodriguez
140,4,6,0,139,0,10,1,mercado_rodriguez
134,14,1,1,133,3,12,2,mercado_rodriguez
137,8,4,1,137,1,11,1,mercado_rodriguez
125,19,6,0,115,8,17,10,mercado_rodriguez
139,8,3,0,139,4,7,0,mercado_rodriguez
150,0,0,0,148,0,0,2,mercado_rodriguez
101,15,33,1,94,10,38,8,mercado_rodriguez
138,10,2,0,138,4,8,0,mercado_rodriguez
141,1,8,0,140,0,9,1,mercado_rodriguez
82,30,37,1,81,12,55,2,mercado_rodriguez
136,9,5,0,132,2,12,4,mercado_rodriguez
61,29,60,0,61,6,83,0,mercado_rodriguez
150,0,0,0,150,0,0,0,mercado_rodriguez
139,5,6,0,138,0,11,1,mercado_rodriguez
136,6,8,0,133,2,12,3,mercado_rodriguez
140,3,7,0,138,1,9,2,mercado_rodriguez
136,7,7,0,134,0,14,2,mercado_rodriguez
135,9,6,0,131,1,14,4,mercado_rodriguez
137,11,2,0,136,4,9,1,mercado_rodriguez
139,6,5,0,139,2,9,0,mercado_rodriguez
104,4,42,0,102,2,44,2,mercado_rodriguez
140,3,7,0,139,1,9,1,mercado_rodriguez
131,14,5,0,131,2,17,0,mercado_rodriguez
133,9,8,0,128,2,15,5,mercado_rodriguez
137,8,5,0,135,4,9,2,mercado_rodriguez
149,0,0,1,149,0,0,1,mercado_rodriguez
141,3,6,0,140,1,8,1,mercado_rodriguez
65,69,16,0,54,23,62,11,mercado_rodriguez
150,0,0,0,150,0,0,0,mercado_rodriguez
150,0,0,0,148,0,0,2,mercado_rodriguez
137,12,1,0,136,0,13,1,mercado_rodriguez
140,3,6,1,140,0,9,1,mercado_rodriguez
136,5,9,0,135,2,12,1,mercado_rodriguez
139,5,6,0,139,1,10,0,mercado_rodriguez
138,10,2,0,138,4,8,0,mercado_rodriguez
136,8,6,0,136,4,10,0,mercado_rodriguez
143,2,5,0,143,0,7,0,mercado_rodriguez
136,12,2,0,135,3,11,1,mercado_rodriguez
135,11,4,0,134,7,8,1,mercado_rodriguez
136,11,2,1,134,3,10,3,mercado_rodriguez
133,13,4,0,130,2,15,3,mercado_rodriguez
141,6,3,0,141,1,8,0,mercado_rodriguez
150,0,0,0,150,0,0,0,mercado_rodriguez
136,11,3,0,135,0,14,1,mercado_rodriguez
142,4,4,0,142,1,7,0,mercado_rodriguez
133,7,10,0,132,3,14,1,mercado_rodriguez
135,11,4,0,134,2,13,1,mercado_rodriguez
136,6,7,1,135,0,13,2,mercado_rodriguez
133,6,11,0,132,0,17,1,mercado_rodriguez
82,15,53,0,82,8,60,0,mercado_rodriguez
136,6,8,0,129,2,12,7,mercado_rodriguez
140,4,6,0,140,0,10,0,mercado_rodriguez
140,4,6,0,138,0,10,2,mercado_rodriguez
138,3,9,0,138,0,12,0,mercado_rodriguez
139,3,8,0,137,0,11,2,mercado_rodriguez
138,4,8,0,134,0,12,4,mercado_rodriguez
131,17,1,1,129,4,14,3,mercado_rodriguez
137,11,2,0,136,3,10,1,mercado_rodriguez
99,13,38,0,98,4,47,1,mercado_rodriguez
134,11,5,0,132,1,15,2,mercado_rodriguez
135,9,6,0,130,0,15,5,mercado_rodriguez
140,4,6,0,140,2,8,0,mercado_rodriguez
76,48,23,3,67,9,62,12,mercado_rodriguez
150,0,0,0,150,0,0,0,mercado_rodriguez
122,13,14,1,120,2,25,3,mercado_rodriguez
150,0,0,0,149,0,0,1,mercado_rodriguez
139,6,5,0,138,0,11,1,mercado_rodriguez
94,32,23,1,90,4,51,5,mercado_rodriguez
140,4,6,0,140,2,8,0,mercado_rodriguez
140,6,4,0,139,0,10,1,mercado_rodriguez
134,12,4,0,134,5,11,0,mercado_rodriguez
136,9,5,0,134,1,13,2,mercado_rodriguez
134,5,11,0,132,2,14,2,mercado_rodriguez
140,4,6,0,139,0,10,1,mercado_rodriguez
150,0,0,0,149,0,0,1,mercado_rodriguez
141,3,6,0,140,1,8,1,mercado_rodriguez
138,11,1,0,137,3,9,1,mercado_rodriguez
134,10,6,0,132,4,12,2,mercado_rodriguez
137,6,6,1,134,1,11,4,mercado_rodriguez
150,0,0,0,150,0,0,0,mercado_rodriguez
137,11,2,0,137,1,12,0,mercado_rodriguez
138,10,2,0,137,2,10,1,mercado_rodriguez
136,5,9,0,136,0,14,0,mercado_rodriguez
98,17,35,0,98,4,48,0,mercado_rodriguez
108,21,21,0,107,10,32,1,mercado_rodriguez
138,3,8,1,138,0,11,1,mercado_rodriguez
138,4,8,0,137,1,11,1,mercado_rodriguez
121,18,11,0,121,7,22,0,mercado_rodriguez
99,18,33,0,98,4,47,1,mercado_rodriguez
99,18,33,0,96,1,50,3,mercado_rodriguez
132,6,12,0,129,0,18,3,mercado_rodriguez
139,4,7,0,138,1,10,1,mercado_rodriguez
141,5,4,0,141,3,6,0,mercado_rodriguez
140,3,7,0,140,0,10,0,mercado_rodriguez
141,4,5,0,140,1,8,1,mercado_rodriguez
150,0,0,0,146,0,0,4,mercado_rodriguez
137,9,4,0,136,1,12,1,mercado_rodriguez
140,5,5,0,139,3,7,1,mercado_rodriguez
120,26,3,1,117,4,25,4,mercado_rodriguez
92,33,24,1,85,13,44,8,mercado_rodriguez
135,9,6,0,135,3,12,0,mercado_rodriguez
101,13,35,1,96,5,43,6,mercado_rodriguez
139,3,8,0,139,1,10,0,mercado_rodriguez
139,5,6,0,139,1,10,0,mercado_rodriguez
140,5,5,0,140,1,9,0,mercado_rodriguez
142,2,6,0,140,1,7,2,mercado_rodriguez
93,30,25,2,90,7,48,5,mercado_rodriguez
127,22,1,0,123,6,17,4,mercado_rodriguez
113,18,18,1,111,2,34,3,mercado_rodriguez
84,29,35,2,75,7,57,11,mercado_rodriguez
131,11,8,0,131,3,16,0,mercado_rodriguez
135,6,9,0,133,2,13,2,mercado_rodriguez
137,13,0,0,134,1,12,3,mercado_rodriguez
150,0,0,0,150,0,0,0,mercado_rodriguez
141,4,5,0,141,1,8,0,mercado_rodriguez
139,5,6,0,139,1,10,0,mercado_rodriguez
142,4,4,0,141,1,7,1,mercado_rodriguez
138,5,7,0,138,0,12,0,mercado_rodriguez
99,11,40,0,99,7,44,0,mercado_rodriguez
140,2,8,0,140,1,9,0,mercado_rodriguez
142,1,7,0,140,0,8,2,mercado_rodriguez
47,46,57,0,44,3,100,3,mercado_rodriguez
126,17,6,1,123,12,11,4,mercado_rodriguez
143,1,6,0,142,0,7,1,mercado_rodriguez
135,6,9,0,135,1,14,0,mercado_rodriguez
140,5,5,0,140,1,9,0,mercado_rodriguez
81,50,19,0,80,13,56,1,mercado_rodriguez
105,15,30,0,104,8,37,1,mercado_rodriguez
135,8,7,0,134,0,15,1,mercado_rodriguez
135,6,9,0,133,0,15,2,mercado_rodriguez
140,6,4,0,138,1,9,2,mercado_rodriguez
118,15,16,1,108,3,28,11,mercado_rodriguez
137,8,5,0,135,3,10,2,mercado_rodriguez
139,10,1,0,139,2,9,0,mercado_rodriguez
141,3,6,0,141,0,9,0,mercado_rodriguez
132,4,13,1,132,0,17,1,mercado_rodriguez
52,20,78,0,51,8,90,1,mercado_rodriguez
141,4,5,0,141,0,9,0,mercado_rodriguez
139,6,5,0,139,2,9,0,mercado_rodriguez
149,0,0,1,149,0,0,1,mercado_rodriguez
133,7,10,0,132,1,16,1,mercado_rodriguez
137,6,7,0,137,2,11,0,mercado_rodriguez
149,0,0,1,147,0,0,3,mercado_rodriguez
133,11,6,0,133,2,15,0,mercado_rodriguez
121,9,20,0,119,1,28,2,mercado_rodriguez
137,12,1,0,134,4,9,3,mercado_rodriguez
134,12,4,0,132,4,12,2,mercado_rodriguez
81,15,54,0,77,1,68,4,mercado_rodriguez
88,15,47,0,87,1,61,1,mercado_rodriguez
142,5,3,0,142,0,8,0,mercado_rodriguez
131,10,9,0,127,2,17,4,mercado_rodriguez
139,3,7,1,139,1,9,1,mercado_rodriguez
129,10,11,0,124,3,18,5,mercado_rodriguez
140,4,6,0,139,0,10,1,mercado_rodriguez
150,0,0,0,148,0,0,2,mercado_rodriguez
125,14,11,0,125,4,21,0,mercado_rodriguez
138,5,7,0,138,2,10,0,mercado_rodriguez
134,7,7,2,132,0,14,4,mercado_rodriguez
95,21,34,0,95,7,48,0,mercado_rodriguez
150,0,0,0,150,0,0,0,mercado_rodriguez
133,5,12,0,129,1,16,4,mercado_rodriguez
139,5,6,0,139,2,9,0,mercado_rodriguez
135,9,6,0,135,4,11,0,mercado_rodriguez
142,3,5,0,141,0,8,1,mercado_rodriguez
128,16,6,0,124,6,16,4,mercado_rodriguez
139,6,5,0,138,0,11,1,mercado_rodriguez
134,6,10,0,134,3,13,0,mercado_rodriguez
140,3,7,0,139,1,9,1,mercado_rodriguez
142,3,5,0,142,0,8,0,mercado_rodriguez
123,21,5,1,113,9,17,11,mercado_rodriguez
0,68,82,0,0,24,126,0,mercado_rodriguez
132,8,10,0,132,0,18,0,mercado_rodriguez
142,4,4,0,142,1,7,0,mercado_rodriguez
131,14,5,0,130,5,14,1,mercado_rodriguez
137,6,7,0,135,2,11,2,mercado_rodriguez
134,13,3,0,131,1,15,3,mercado_rodriguez
150,0,0,0,150,0,0,0,mercado_rodriguez
135,5,9,1,131,1,13,5,mercado_rodriguez
132,6,10,2,132,2,14,2,mercado_rodriguez
138,6,5,1,135,1,10,4,mercado_rodriguez
139,9,2,0,136,1,10,3,mercado_rodriguez
129,13,8,0,129,4,17,0,mercado_rodriguez
134,9,7,0,134,3,13,0,mercado_rodriguez
150,0,0,0,150,0,0,0,mercado_rodriguez
140,6,4,0,140,0,10,0,mercado_rodriguez
5,37,108,0,5,20,125,0,mercado_rodriguez
101,18,31,0,99,9,40,2,mercado_rodriguez
139,4,7,0,138,3,8,1,mercado_rodriguez
136,11,3,0,136,4,10,0,mercado_rodriguez
138,7,5,0,137,1,11,1,mercado_rodriguez
106,27,17,0,106,8,36,0,mercado_rodriguez
150,0,0,0,150,0,0,0,mercado_rodriguez
139,2,8,1,137,1,9,3,mercado_rodriguez
141,4,5,0,140,0,9,1,mercado_rodriguez
136,10,3,1,135,0,13,2,mercado_rodriguez
142,2,6,0,140,1,7,2,mercado_rodriguez
38,41,69,2,22,19,91,18,mercado_rodriguez
137,7,6,0,137,1,12,0,mercado_rodriguez
136,13,1,0,135,7,7,1,mercado_rodriguez
138,7,5,0,138,3,9,0,mercado_rodriguez
139,3,8,0,139,0,11,0,mercado_rodriguez
120,24,6,0,120,6,24,0,mercado_rodriguez
150,0,0,0,150,0,0,0,mercado_rodriguez
150,0,0,0,150,0,0,0,mercado_rodriguez
140,4,6,0,139,0,10,1,mercado_rodriguez
142,2,6,0,141,0,8,1,mercado_rodriguez
138,3,9,0,136,0,12,2,mercado_rodriguez
141,3,5,1,141,1,7,1,mercado_rodriguez
138,5,7,0,138,1,11,0,mercado_rodriguez
149,0,0,1,145,0,0,5,mercado_rodriguez
80,23,47,0,80,6,64,0,mercado_rodriguez
135,14,1,0,134,3,12,1,mercado_rodriguez
119,16,13,2,114,3,26,7,mercado_rodriguez
47,39,62,2,45,12,89,4,mercado_rodriguez
77,39,34,0,75,7,66,2,mercado_rodriguez
135,9,6,0,133,6,9,2,mercado_rodriguez
135,3,12,0,129,0,15,6,mercado_rodriguez
138,5,7,0,137,0,12,1,mercado_rodriguez
150,0,0,0,148,0,0,2,mercado_rodriguez
132,18,0,0,127,10,8,5,mercado_rodriguez
142,5,3,0,141,2,6,1,mercado_rodriguez
141,3,6,0,141,2,7,0,mercado_rodriguez
139,6,5,0,139,3,8,0,mercado_rodriguez
150,0,0,0,149,0,0,1,mercado_rodriguez
138,0,12,0,137,0,12,1,mercado_rodriguez
119,18,13,0,117,1,30,2,mercado_rodriguez
139,5,6,0,138,0,11,1,mercado_rodriguez
132,12,4,2,131,4,12,3,mercado_rodriguez
141,2,7,0,139,0,9,2,mercado_rodriguez
105,35,10,0,102,4,41,3,mercado_rodriguez
54,27,69,0,52,7,89,2,mercado_rodriguez
96,38,16,0,95,7,47,1,mercado_rodriguez
139,4,7,0,139,1,10,0,mercado_rodriguez
150,0,0,0,150,0,0,0,mercado_rodriguez
133,17,0,0,133,7,10,0,mercado_rodriguez
138,6,6,0,137,2,10,1,mercado_rodriguez
140,6,4,0,139,1,9,1,mercado_rodriguez
134,5,11,0,134,1,15,0,mercado_rodriguez
138,8,4,0,138,3,9,0,mercado_rodriguez
135,13,2,0,134,2,13,1,mercado_rodriguez
134,11,4,1,132,2,13,3,mercado_rodriguez
140,8,2,0,140,1,9,0,mercado_rodriguez
135,10,5,0,134,4,11,1,mercado_rodriguez
136,10,4,0,134,1,13,2,mercado_rodriguez
143,3,4,0,142,1,6,1,mercado_rodriguez
138,3,9,0,137,0,12,1,mercado_rodriguez
141,5,4,0,140,0,9,1,mercado_rodriguez
132,6,10,2,130,0,16,4,mercado_rodriguez
139,3,8,0,139,1,10,0,mercado_rodriguez
136,10,4,0,136,2,12,0,mercado_rodriguez
105,13,32,0,104,6,39,1,mercado_rodriguez
138,10,2,0,138,5,7,0,mercado_rodriguez
140,5,5,0,140,1,9,0,mercado_rodriguez
95,44,10,1,91,13,41,5,mercado_rodriguez
140,5,5,0,139,4,6,1,mercado_rodriguez
139,4,7,0,139,1,10,0,mercado_rodriguez
92,23,34,1,92,5,52,1,mercado_rodriguez
135,5,9,1,133,0,14,3,mercado_rodriguez
142,1,7,0,141,0,8,1,mercado_rodriguez
134,10,5,1,132,1,14,3,mercado_rodriguez
150,0,0,0,150,0,0,0,mercado_rodriguez
136,3,11,0,136,1,13,0,mercado_rodriguez
80,17,53,0,79,2,68,1,mercado_rodriguez
95,20,34,1,92,5,49,4,mercado_rodriguez
130,8,12,0,126,4,16,4,mercado_rodriguez
135,10,5,0,134,3,12,1,mercado_rodriguez
63,28,59,0,61,5,82,2,mercado_rodriguez
141,3,6,0,141,0,9,0,mercado_rodriguez
90,28,32,0,87,16,44,3,mercado_rodriguez
134,13,3,0,131,4,12,3,mercado_rodriguez
105,18,27,0,102,5,40,3,mercado_rodriguez
137,7,6,0,136,1,12,1,mercado_rodriguez
150,0,0,0,150,0,0,0,mercado_rodriguez
77,25,48,0,75,10,63,2,mercado_rodriguez
137,10,3,0,137,5,8,0,mercado_rodriguez
86,36,28,0,83,12,52,3,mercado_rodriguez
123,18,9,0,121,5,22,2,mercado_rodriguez
141,4,5,0,141,1,8,0,mercado_rodriguez
137,11,2,0,136,3,10,1,mercado_rodriguez
89,25,32,4,83,4,53,10,mercado_rodriguez
140,5,5,0,139,2,8,1,mercado_rodriguez
136,9,5,0,132,3,11,4,mercado_rodriguez
51,24,74,1,45,7,91,7,mercado_rodriguez
114,12,24,0,114,3,33,0,mercado_rodriguez
150,0,0,0,150,0,0,0,mercado_rodriguez
141,4,5,0,140,1,8,1,mercado_rodriguez
137,9,4,0,136,1,12,1,mercado_rodriguez
139,5,6,0,139,1,10,0,mercado_rodriguez
140,3,7,0,140,1,9,0,mercado_rodriguez
105,29,16,0,104,2,43,1,mercado_rodriguez
83,45,21,1,76,19,47,8,mercado_rodriguez
139,10,1,0,139,5,6,0,mercado_rodriguez
80,32,38,0,79,12,58,1,mercado_rodriguez
138,6,6,0,137,2,10,1,mercado_rodriguez
140,5,5,0,138,1,9,2,mercado_rodriguez
134,12,4,0,133,1,15,1,mercado_rodriguez
140,3,7,0,139,1,9,1,mercado_rodriguez
132,8,10,0,128,2,16,4,mercado_rodriguez
98,9,43,0,96,2,50,2,mercado_rodriguez
95,19,36,0,92,5,50,3,mercado_rodriguez
141,5,4,0,141,1,8,0,mercado_rodriguez
103,23,23,1,97,1,45,7,mercado_rodriguez
105,10,35,0,102,2,43,3,mercado_rodriguez
141,1,8,0,139,0,9,2,mercado_rodriguez
149,0,0,1,143,0,0,7,mercado_rodriguez
139,1,10,0,138,0,11,1,mercado_rodriguez
139,4,7,0,139,2,9,0,mercado_rodriguez
142,4,4,0,140,1,7,2,mercado_rodriguez
134,14,2,0,134,6,10,0,mercado_rodriguez
140,4,6,0,140,1,9,0,mercado_rodriguez
136,7,7,0,135,1,13,1,mercado_rodriguez
137,7,6,0,136,2,11,1,mercado_rodriguez
141,2,6,1,140,1,7,2,mercado_rodriguez
138,10,2,0,138,1,11,0,mercado_rodriguez
140,2,8,0,140,1,9,0,mercado_rodriguez
139,6,5,0,139,4,7,0,mercado_rodriguez
136,12,2,0,135,3,11,1,mercado_rodriguez
139,5,6,0,139,2,9,0,mercado_rodriguez
135,11,4,0,134,6,9,1,mercado_rodriguez
127,12,11,0,123,4,19,4,mercado_rodriguez
133,11,5,1,133,1,15,1,mercado_rodriguez
140,3,7,0,140,1,9,0,mercado_rodriguez
137,11,2,0,136,2,11,1,mercado_rodriguez
141,4,5,0,141,1,8,0,mercado_rodriguez
99,24,27,0,99,3,48,0,mercado_rodriguez
142,3,5,0,142,0,8,0,mercado_rodriguez
118,10,22,0,117,3,29,1,mercado_rodriguez
132,10,8,0,131,3,15,1,mercado_rodriguez
139,6,5,0,138,0,11,1,mercado_rodriguez
116,23,11,0,116,8,26,0,mercado_rodriguez
150,0,0,0,146,0,0,4,mercado_rodriguez
137,8,4,1,135,2,10,3,mercado_rodriguez
138,9,3,0,137,5,7,1,mercado_rodriguez
0,45,105,0,0,15,135,0,mercado_rodriguez
141,2,7,0,138,0,9,3,mercado_rodriguez
136,8,6,0,136,1,13,0,mercado_rodriguez
137,6,7,0,137,2,11,0,mercado_rodriguez
130,17,3,0,128,5,15,2,mercado_rodriguez
140,4,6,0,139,1,9,1,mercado_rodriguez
133,9,8,0,133,0,17,0,mercado_rodriguez
138,8,4,0,137,2,10,1,mercado_rodriguez
138,6,6,0,137,1,11,1,mercado_rodriguez
136,11,3,0,131,0,14,5,mercado_rodriguez
136,4,10,0,135,0,14,1,mercado_rodriguez
115,21,14,0,110,10,25,5,mercado_rodriguez
140,3,7,0,139,0,10,1,mercado_rodriguez
141,6,3,0,141,2,7,0,mercado_rodriguez
138,6,6,0,138,1,11,0,mercado_rodriguez
113,26,9,2,110,15,20,5,mercado_rodriguez
137,5,8,0,136,1,12,1,mercado_rodriguez
137,12,1,0,137,3,10,0,mercado_rodriguez
131,11,7,1,131,5,13,1,mercado_rodriguez
139,5,6,0,139,1,10,0,mercado_rodriguez
103,22,24,1,101,2,44,3,mercado_rodriguez
69,13,68,0,69,5,76,0,mercado_rodriguez
128,18,2,2,114,7,13,16,mercado_rodriguez
140,5,5,0,140,1,9,0,mercado_rodriguez
141,4,5,0,141,0,9,0,mercado_rodriguez
136,8,5,1,136,2,11,1,mercado_rodriguez
143,2,5,0,142,0,7,1,mercado_rodriguez
141,4,5,0,141,3,6,0,mercado_rodriguez
141,6,3,0,141,3,6,0,mercado_rodriguez
142,4,4,0,142,3,5,0,mercado_rodriguez
101,25,22,2,95,6,41,8,mercado_rodriguez
138,8,4,0,135,0,12,3,mercado_rodriguez
122,7,21,0,118,1,27,4,mercado_rodriguez
135,8,7,0,135,0,15,0,mercado_rodriguez
55,30,63,2,53,6,87,4,mercado_rodriguez
142,1,7,0,142,0,8,0,mercado_rodriguez
140,4,6,0,140,2,8,0,mercado_rodriguez
139,4,7,0,138,2,9,1,mercado_rodriguez
141,2,7,0,140,0,9,1,mercado_rodriguez
136,13,1,0,136,4,10,0,mercado_rodriguez
141,4,5,0,141,1,8,0,mercado_rodriguez
88,12,49,1,86,2,59,3,mercado_rodriguez
137,7,6,0,137,2,11,0,mercado_rodriguez
137,6,7,0,134,1,12,3,mercado_rodriguez
140,5,5,0,140,0,10,0,mercado_rodriguez
141,3,6,0,141,1,8,0,mercado_rodriguez
138,8,4,0,137,2,10,1,mercado_rodriguez
141,2,7,0,141,0,9,0,mercado_rodriguez
109,10,31,0,107,3,38,2,mercado_rodriguez
140,4,6,0,140,2,8,0,mercado_rodriguez
140,4,6,0,138,1,9,2,mercado_rodriguez
139,4,7,0,137,0,11,2,mercado_rodriguez
102,11,37,0,102,7,41,0,mercado_rodriguez
133,12,5,0,131,3,14,2,mercado_rodriguez
50,27,73,0,50,10,90,0,mercado_rodriguez
66,24,60,0,65,4,80,1,mercado_rodriguez
118,23,9,0,115,7,25,3,mercado_rodriguez
137,12,0,1,131,9,3,7,mercado_rodriguez
141,3,6,0,141,1,8,0,mercado_rodriguez
114,9,26,1,113,3,32,2,mercado_rodriguez
134,12,4,0,133,3,13,1,mercado_rodriguez
134,7,9,0,131,1,15,3,mercado_rodriguez
137,8,5,0,136,1,12,1,mercado_rodriguez
116,25,9,0,113,10,24,3,mercado_rodriguez
134,14,2,0,132,4,12,2,mercado_rodriguez
126,18,5,1,125,6,17,2,mercado_rodriguez
106,16,28,0,106,4,40,0,mercado_rodriguez
136,12,2,0,136,4,10,0,mercado_rodriguez
109,26,15,0,108,2,39,1,mercado_rodriguez
134,5,11,0,130,0,16,4,mercado_rodriguez
136,7,7,0,135,1,13,1,mercado_rodriguez
131,5,12,2,126,1,16,7,mercado_rodriguez
100,13,37,0,100,2,48,0,mercado_rodriguez
90,10,50,0,89,5,55,1,mercado_rodriguez
134,6,9,1,134,1,14,1,mercado_rodriguez
142,6,2,0,142,4,4,0,mercado_rodriguez
140,5,5,0,139,2,8,1,mercado_rodriguez
133,7,10,0,129,2,15,4,mercado_rodriguez
140,4,6,0,137,0,10,3,mercado_rodriguez
133,12,4,1,128,2,14,6,mercado_rodriguez
141,2,7,0,139,0,9,2,mercado_rodriguez
135,2,13,0,134,1,14,1,mercado_rodriguez
140,5,5,0,140,2,8,0,mercado_rodriguez
140,4,6,0,140,1,9,0,mercado_rodriguez
140,2,8,0,137,0,10,3,mercado_rodriguez
139,4,7,0,139,1,10,0,mercado_rodriguez
110,9,31,0,107,3,37,3,mercado_rodriguez
75,17,58,0,73,1,74,2,mercado_rodriguez
100,9,41,0,96,2,48,4,mercado_rodriguez
134,12,4,0,134,1,15,0,mercado_rodriguez
141,3,6,0,141,1,8,0,mercado_rodriguez
112,22,15,1,110,7,30,3,mercado_rodriguez
109,27,14,0,106,7,34,3,mercado_rodriguez
142,3,5,0,142,0,8,0,mercado_rodriguez
150,0,0,0,149,0,0,1,mercado_rodriguez
75,48,27,0,74,21,54,1,mercado_rodriguez
141,3,6,0,141,0,9,0,mercado_rodriguez
137,8,5,0,135,0,13,2,mercado_rodriguez
0,28,122,0,0,10,140,0,mercado_rodriguez
139,4,6,1,138,1,9,2,mercado_rodriguez
126,13,10,1,125,4,19,2,mercado_rodriguez
142,3,5,0,142,0,8,0,mercado_rodriguez
150,0,0,0,150,0,0,0,mercado_rodriguez
138,7,5,0,137,3,9,1,mercado_rodriguez
142,2,6,0,142,0,8,0,mercado_rodriguez
121,16,13,0,121,4,25,0,mercado_rodriguez
131,16,2,1,131,1,17,1,mercado_rodriguez
136,9,5,0,135,5,9,1,mercado_rodriguez
28,47,75,0,27,14,108,1,mercado_rodriguez
141,3,6,0,140,1,8,1,mercado_rodriguez
135,7,8,0,132,1,14,3,mercado_rodriguez
135,9,5,1,135,2,12,1,mercado_rodriguez
150,0,0,0,148,0,0,2,mercado_rodriguez
136,13,0,1,132,7,6,5,mercado_rodriguez
139,4,7,0,138,1,10,1,mercado_rodriguez
129,14,7,0,123,5,16,6,mercado_rodriguez
94,27,29,0,94,7,49,0,mercado_rodriguez
135,6,8,1,135,0,14,1,mercado_rodriguez
134,14,2,0,133,3,13,1,mercado_rodriguez
138,4,8,0,138,2,10,0,mercado_rodriguez
111,15,24,0,110,6,33,1,mercado_rodriguez
141,3,6,0,141,1,8,0,mercado_rodriguez
62,30,58,0,58,7,81,4,mercado_rodriguez
141,7,2,0,141,0,9,0,mercado_rodriguez
134,10,6,0,131,2,14,3,mercado_rodriguez
122,16,10,2,115,8,18,9,mercado_rodriguez
138,7,5,0,137,0,12,1,mercado_rodriguez
134,13,3,0,132,2,14,2,mercado_rodriguez
135,6,9,0,133,0,15,2,mercado_rodriguez
141,3,6,0,141,0,9,0,mercado_rodriguez
136,7,7,0,136,3,11,0,mercado_rodriguez
130,12,8,0,127,3,17,3,mercado_rodriguez
133,12,5,0,128,2,15,5,mercado_rodriguez
141,5,4,0,140,3,6,1,mercado_rodriguez
135,9,6,0,134,2,13,1,mercado_rodriguez
138,4,8,0,137,0,12,1,mercado_rodriguez
75,44,30,1,66,15,59,10,mercado_rodriguez
126,23,0,1,123,4,19,4,mercado_rodriguez
135,15,0,0,135,1,14,0,mercado_rodriguez
52,63,35,0,48,14,84,4,mercado_rodriguez
140,5,5,0,139,1,9,1,mercado_rodriguez
140,4,6,0,138,0,10,2,mercado_rodriguez
139,7,4,0,138,3,8,1,mercado_rodriguez
138,7,5,0,138,1,11,0,mercado_rodriguez
141,4,5,0,141,2,7,0,mercado_rodriguez
137,6,7,0,137,0,13,0,mercado_rodriguez
137,4,9,0,137,2,11,0,mercado_rodriguez
141,6,3,0,139,2,7,2,mercado_rodriguez
136,6,8,0,133,1,13,3,mercado_rodriguez
132,13,4,1,130,8,9,3,mercado_rodriguez
62,27,61,0,61,2,86,1,mercado_rodriguez
83,42,25,0,81,14,53,2,mercado_rodriguez
137,4,9,0,136,1,12,1,mercado_rodriguez
135,13,2,0,133,2,13,2,mercado_rodriguez
128,21,1,0,127,5,17,1,mercado_rodriguez
137,5,8,0,137,4,9,0,mercado_rodriguez
150,0,0,0,149,0,0,1,mercado_rodriguez
136,5,9,0,136,2,12,0,mercado_rodriguez
141,4,5,0,141,1,8,0,mercado_rodriguez
140,4,5,1,139,1,8,2,mercado_rodriguez
150,0,0,0,149,0,0,1,mercado_rodriguez
141,5,4,0,141,0,9,0,mercado_rodriguez
138,7,5,0,134,1,11,4,mercado_rodriguez
136,4,10,0,135,0,14,1,mercado_rodriguez
141,6,3,0,141,3,6,0,mercado_rodriguez
138,4,7,1,138,0,11,1,mercado_rodriguez
138,5,7,0,137,0,12,1,mercado_rodriguez
139,6,5,0,138,1,10,1,mercado_rodriguez
139,6,5,0,139,3,8,0,mercado_rodriguez
128,13,8,1,127,7,14,2,mercado_rodriguez
95,24,31,0,91,3,52,4,mercado_rodriguez
136,7,7,0,136,1,13,0,mercado_rodriguez
118,24,8,0,116,5,27,2,mercado_rodriguez
119,15,16,0,117,5,26,2,mercado_rodriguez
123,14,13,0,122,4,23,1,mercado_rodriguez
135,12,3,0,135,1,14,0,mercado_rodriguez
126,20,4,0,122,6,18,4,mercado_rodriguez
127,10,13,0,127,1,22,0,villa_fatima_laderas
81,14,55,0,79,2,67,2,villa_fatima_laderas
133,7,10,0,133,1,16,0,villa_fatima_laderas
136,13,1,0,136,0,14,0,villa_fatima_laderas
92,57,1,0,87,10,48,5,villa_fatima_laderas
136,5,9,0,136,0,14,0,villa_fatima_laderas
130,7,13,0,129,0,20,1,villa_fatima_laderas
93,45,12,0,91,6,51,2,villa_fatima_laderas
137,4,9,0,136,1,12,1,villa_fatima_laderas
119,12,19,0,114,1,30,5,villa_fatima_laderas
46,14,90,0,46,0,104,0,villa_fatima_laderas
136,4,10,0,136,0,14,0,villa_fatima_laderas
132,6,12,0,131,0,18,1,villa_fatima_laderas
136,6,8,0,135,0,14,1,villa_fatima_laderas
136,11,3,0,136,0,14,0,villa_fatima_laderas
134,12,4,0,134,0,16,0,villa_fatima_laderas
136,11,3,0,136,1,13,0,villa_fatima_laderas
133,16,1,0,133,3,14,0,villa_fatima_laderas
74,9,67,0,74,0,76,0,villa_fatima_laderas
88,61,1,0,85,1,61,3,villa_fatima_laderas
132,9,9,0,130,2,16,2,villa_fatima_laderas
122,13,15,0,122,3,25,0,villa_fatima_laderas
96,27,27,0,92,1,53,4,villa_fatima_laderas
138,4,8,0,137,0,12,1,villa_fatima_laderas
150,0,0,0,150,0,0,0,villa_fatima_laderas
150,0,0,0,150,0,0,0,villa_fatima_laderas
99,10,41,0,98,0,51,1,villa_fatima_laderas
123,9,18,0,123,0,27,0,villa_fatima_laderas
134,13,3,0,134,1,15,0,villa_fatima_laderas
121,14,15,0,119,0,29,2,villa_fatima_laderas
0,67,83,0,0,4,146,0,villa_fatima_laderas
138,12,0,0,137,2,10,1,villa_fatima_laderas
136,8,6,0,134,0,14,2,villa_fatima_laderas
150,0,0,0,150,0,0,0,villa_fatima_laderas
75,19,56,0,74,2,73,1,villa_fatima_laderas
131,8,11,0,131,2,17,0,villa_fatima_laderas
120,12,18,0,120,1,29,0,villa_fatima_laderas
150,0,0,0,150,0,0,0,villa_fatima_laderas
135,6,9,0,135,0,15,0,villa_fatima_laderas
125,9,16,0,124,3,22,1,villa_fatima_laderas
0,0,150,0,0,0,150,0,villa_fatima_laderas
138,7,5,0,137,0,12,1,villa_fatima_laderas
131,5,14,0,130,0,19,1,villa_fatima_laderas
111,21,18,0,111,2,37,0,villa_fatima_laderas
136,9,5,0,135,1,13,1,villa_fatima_laderas
136,5,9,0,136,1,13,0,villa_fatima_laderas
99,26,25,0,99,5,46,0,villa_fatima_laderas
135,5,10,0,135,0,15,0,villa_fatima_laderas
69,13,68,0,68,2,79,1,villa_fatima_laderas
150,0,0,0,150,0,0,0,villa_fatima_laderas
136,8,6,0,134,0,14,2,villa_fatima_laderas
137,4,9,0,137,0,13,0,villa_fatima_laderas
137,9,4,0,136,0,13,1,villa_fatima_laderas
136,5,9,0,136,0,14,0,villa_fatima_laderas
0,5,145,0,0,0,150,0,villa_fatima_laderas
86,26,38,0,82,4,60,4,villa_fatima_laderas
136,12,2,0,136,0,14,0,villa_fatima_laderas
137,3,10,0,135,0,13,2,villa_fatima_laderas
135,4,11,0,134,0,15,1,villa_fatima_laderas
88,38,24,0,83,1,61,5,villa_fatima_laderas
29,20,101,0,28,3,118,1,villa_fatima_laderas
87,10,53,0,87,2,61,0,villa_fatima_laderas
100,27,23,0,99,8,42,1,villa_fatima_laderas
136,9,5,0,136,2,12,0,villa_fatima_laderas
90,21,39,0,89,0,60,1,villa_fatima_laderas
132,7,11,0,132,2,16,0,villa_fatima_laderas
136,6,8,0,136,1,13,0,villa_fatima_laderas
82,27,41,0,82,3,65,0,villa_fatima_laderas
111,23,16,0,111,4,35,0,villa_fatima_laderas
41,44,65,0,40,1,108,1,villa_fatima_laderas
136,6,8,0,136,1,13,0,villa_fatima_laderas
66,53,31,0,65,7,77,1,villa_fatima_laderas
116,17,17,0,113,3,31,3,villa_fatima_laderas
132,11,7,0,131,0,18,1,villa_fatima_laderas
124,9,17,0,122,0,26,2,villa_fatima_laderas
150,0,0,0,150,0,0,0,villa_fatima_laderas
119,18,13,0,114,4,27,5,villa_fatima_laderas
150,0,0,0,149,0,0,1,villa_fatima_laderas
136,14,0,0,135,0,14,1,villa_fatima_laderas
111,39,0,0,108,15,24,3,villa_fatima_laderas
137,4,9,0,137,1,12,0,villa_fatima_laderas
133,6,11,0,133,0,17,0,villa_fatima_laderas
137,11,2,0,137,1,12,0,villa_fatima_laderas
134,10,6,0,134,0,16,0,villa_fatima_laderas
133,5,12,0,133,0,17,0,villa_fatima_laderas
84,13,53,0,82,0,66,2,villa_fatima_laderas
111,23,16,0,111,0,39,0,villa_fatima_laderas
134,5,11,0,134,1,15,0,villa_fatima_laderas
134,8,8,0,133,0,16,1,villa_fatima_laderas
137,6,7,0,134,0,13,3,villa_fatima_laderas
118,24,8,0,117,3,29,1,villa_fatima_laderas
137,4,9,0,135,0,13,2,villa_fatima_laderas
74,17,59,0,73,2,74,1,villa_fatima_laderas
150,0,0,0,150,0,0,0,villa_fatima_laderas
132,12,6,0,131,0,18,1,villa_fatima_laderas
136,12,2,0,135,0,14,1,villa_fatima_laderas
129,5,16,0,129,1,20,0,villa_fatima_laderas
134,4,12,0,134,0,16,0,villa_fatima_laderas
126,9,15,0,126,2,22,0,villa_fatima_laderas
135,9,6,0,133,1,14,2,villa_fatima_laderas
135,5,10,0,134,1,14,1,villa_fatima_laderas
98,30,22,0,98,3,49,0,villa_fatima_laderas
132,7,11,0,131,0,18,1,villa_fatima_laderas
136,8,6,0,135,0,14,1,villa_fatima_laderas
65,23,62,0,65,2,83,0,villa_fatima_laderas
131,7,12,0,131,1,18,0,villa_fatima_laderas
130,6,14,0,130,0,20,0,villa_fatima_laderas
135,10,5,0,134,0,15,1,villa_fatima_laderas
135,6,9,0,135,0,15,0,villa_fatima_laderas
136,10,4,0,136,1,13,0,villa_fatima_laderas
136,11,3,0,135,1,13,1,villa_fatima_laderas
150,0,0,0,150,0,0,0,villa_fatima_laderas
136,5,9,0,135,1,13,1,villa_fatima_laderas
134,5,11,0,134,0,16,0,villa_fatima_laderas
132,12,6,0,130,0,18,2,villa_fatima_laderas
9,37,104,0,7,1,140,2,villa_fatima_laderas
137,8,5,0,137,1,12,0,villa_fatima_laderas
135,3,12,0,133,0,15,2,villa_fatima_laderas
77,12,61,0,74,0,73,3,villa_fatima_laderas
113,30,7,0,111,12,25,2,villa_fatima_laderas
136,13,1,0,134,0,14,2,villa_fatima_laderas
136,5,9,0,135,1,13,1,villa_fatima_laderas
131,6,13,0,130,0,19,1,villa_fatima_laderas
63,24,63,0,59,4,83,4,villa_fatima_laderas
134,5,11,0,134,0,16,0,villa_fatima_laderas
135,7,8,0,135,0,15,0,villa_fatima_laderas
135,10,5,0,134,0,15,1,villa_fatima_laderas
136,9,5,0,134,0,14,2,villa_fatima_laderas
136,14,0,0,135,0,14,1,villa_fatima_laderas
136,12,2,0,135,1,13,1,villa_fatima_laderas
134,5,11,0,134,1,15,0,villa_fatima_laderas
71,12,67,0,68,0,79,3,villa_fatima_laderas
133,15,2,0,133,0,17,0,villa_fatima_laderas
53,37,60,0,46,2,95,7,villa_fatima_laderas
112,13,25,0,112,1,37,0,villa_fatima_laderas
125,11,14,0,124,0,25,1,villa_fatima_laderas
77,19,54,0,77,2,71,0,villa_fatima_laderas
103,28,19,0,101,1,46,2,villa_fatima_laderas
134,11,5,0,134,2,14,0,villa_fatima_laderas
137,10,3,0,137,1,12,0,villa_fatima_laderas
133,9,8,0,132,1,16,1,villa_fatima_laderas
3,85,61,1,3,13,133,1,villa_fatima_laderas
47,24,79,0,44,1,102,3,villa_fatima_laderas
116,34,0,0,113,1,33,3,villa_fatima_laderas
133,10,7,0,133,0,17,0,villa_fatima_laderas
137,11,2,0,136,0,13,1,villa_fatima_laderas
135,13,2,0,134,0,15,1,villa_fatima_laderas
130,16,4,0,128,0,20,2,villa_fatima_laderas
129,8,13,0,129,2,19,0,villa_fatima_laderas
134,5,11,0,134,1,15,0,villa_fatima_laderas
135,4,11,0,135,0,15,0,villa_fatima_laderas
131,8,11,0,131,0,19,0,villa_fatima_laderas
150,0,0,0,150,0,0,0,villa_fatima_laderas
22,75,53,0,14,12,116,8,villa_fatima_laderas
129,9,12,0,127,0,21,2,villa_fatima_laderas
134,11,5,0,134,1,15,0,villa_fatima_laderas
150,0,0,0,150,0,0,0,villa_fatima_laderas
118,22,10,0,118,5,27,0,villa_fatima_laderas
132,6,12,0,132,1,17,0,villa_fatima_laderas
97,21,32,0,96,2,51,1,villa_fatima_laderas
45,16,89,0,45,1,104,0,villa_fatima_laderas
130,7,13,0,130,0,20,0,villa_fatima_laderas
132,5,13,0,132,1,17,0,villa_fatima_laderas
137,12,1,0,136,0,13,1,villa_fatima_laderas
9,39,102,0,9,1,140,0,villa_fatima_laderas
135,8,7,0,135,1,14,0,villa_fatima_laderas
135,13,2,0,135,2,13,0,villa_fatima_laderas
135,12,3,0,134,2,13,1,villa_fatima_laderas
137,6,7,0,137,1,12,0,villa_fatima_laderas
34,47,69,0,34,6,110,0,villa_fatima_laderas
138,4,8,0,138,0,12,0,villa_fatima_laderas
150,0,0,0,149,0,0,1,villa_fatima_laderas
131,5,14,0,130,0,19,1,villa_fatima_laderas
150,0,0,0,150,0,0,0,villa_fatima_laderas
89,10,51,0,89,1,60,0,villa_fatima_laderas
29,46,75,0,29,0,121,0,villa_fatima_laderas
90,14,46,0,89,1,59,1,villa_fatima_laderas
132,6,12,0,132,1,17,0,villa_fatima_laderas
64,25,61,0,63,3,83,1,villa_fatima_laderas
127,9,14,0,127,1,22,0,villa_fatima_laderas
130,8,12,0,129,1,19,1,villa_fatima_laderas
131,8,11,0,131,0,19,0,villa_fatima_laderas
103,17,30,0,99,1,46,4,villa_fatima_laderas
127,15,8,0,124,1,22,3,villa_fatima_laderas
131,6,13,0,128,0,19,3,villa_fatima_laderas
135,12,3,0,134,1,14,1,villa_fatima_laderas
135,14,1,0,134,0,15,1,villa_fatima_laderas
132,9,9,0,132,3,15,0,villa_fatima_laderas
133,5,12,0,132,0,17,1,villa_fatima_laderas
136,13,1,0,136,0,14,0,villa_fatima_laderas
131,13,6,0,130,0,19,1,villa_fatima_laderas
135,4,11,0,135,1,14,0,villa_fatima_laderas
135,13,2,0,133,1,14,2,villa_fatima_laderas
134,15,1,0,133,2,14,1,villa_fatima_laderas
26,30,94,0,26,5,119,0,villa_fatima_laderas
58,25,67,0,57,0,92,1,villa_fatima_laderas
131,17,2,0,131,1,18,0,villa_fatima_laderas
22,40,88,0,21,5,123,1,villa_fatima_laderas
134,13,3,0,134,0,16,0,villa_fatima_laderas
97,31,22,0,96,4,49,1,villa_fatima_laderas
62,12,76,0,62,3,85,0,villa_fatima_laderas
135,11,4,0,135,1,14,0,villa_fatima_laderas
134,13,3,0,134,3,13,0,villa_fatima_laderas
133,7,10,0,133,0,17,0,villa_fatima_laderas
134,6,10,0,134,1,15,0,villa_fatima_laderas
118,17,15,0,115,0,32,3,villa_fatima_laderas
85,18,47,0,84,3,62,1,villa_fatima_laderas
53,43,54,0,52,5,92,1,villa_fatima_laderas
150,0,0,0,150,0,0,0,villa_fatima_laderas
82,13,55,0,82,0,68,0,villa_fatima_laderas
20,43,87,0,20,0,130,0,villa_fatima_laderas
131,15,4,0,131,0,19,0,villa_fatima_laderas
136,11,3,0,136,2,12,0,villa_fatima_laderas
136,11,3,0,136,0,14,0,villa_fatima_laderas
106,16,28,0,106,0,44,0,villa_fatima_laderas
131,7,12,0,131,0,19,0,villa_fatima_laderas
131,7,12,0,131,1,18,0,villa_fatima_laderas
127,8,15,0,125,0,23,2,villa_fatima_laderas
98,36,16,0,97,5,47,1,villa_fatima_laderas
150,0,0,0,150,0,0,0,villa_fatima_laderas
135,4,11,0,133,0,15,2,villa_fatima_laderas
111,16,23,0,108,0,39,3,villa_fatima_laderas
136,14,0,0,134,0,14,2,villa_fatima_laderas
136,6,8,0,136,0,14,0,villa_fatima_laderas
74,15,61,0,74,0,76,0,villa_fatima_laderas
137,11,2,0,137,1,12,0,villa_fatima_laderas
133,6,11,0,133,0,17,0,villa_fatima_laderas
136,10,4,0,136,1,13,0,villa_fatima_laderas
136,10,4,0,136,0,14,0,villa_fatima_laderas
35,29,86,0,33,0,115,2,villa_fatima_laderas
8,94,48,0,7,2,140,1,villa_fatima_laderas
101,21,28,0,100,2,47,1,villa_fatima_laderas
150,0,0,0,150,0,0,0,villa_fatima_laderas
150,0,0,0,150,0,0,0,villa_fatima_laderas
136,4,10,0,135,0,14,1,villa_fatima_laderas
139,4,7,0,139,1,10,0,villa_fatima_laderas
150,0,0,0,150,0,0,0,villa_fatima_laderas
150,0,0,0,150,0,0,0,villa_fatima_laderas
136,8,6,0,135,1,13,1,villa_fatima_laderas
132,7,11,0,132,2,16,0,villa_fatima_laderas
130,6,14,0,128,0,20,2,villa_fatima_laderas
55,48,47,0,55,5,90,0,villa_fatima_laderas
150,0,0,0,150,0,0,0,villa_fatima_laderas
91,24,35,0,90,2,57,1,villa_fatima_laderas
133,12,5,0,133,4,13,0,villa_fatima_laderas
129,9,12,0,129,2,19,0,villa_fatima_laderas
133,12,5,0,132,1,16,1,villa_fatima_laderas
127,10,13,0,125,0,23,2,villa_fatima_laderas
107,24,19,0,107,2,41,0,villa_fatima_laderas
138,5,7,0,138,1,11,0,villa_fatima_laderas
34,36,80,0,32,10,106,2,villa_fatima_laderas
150,0,0,0,150,0,0,0,villa_fatima_laderas
133,8,9,0,132,2,15,1,villa_fatima_laderas
129,10,11,0,129,2,19,0,villa_fatima_laderas
131,7,12,0,131,0,19,0,villa_fatima_laderas
90,28,32,0,87,1,59,3,villa_fatima_laderas
134,11,5,0,134,2,14,0,villa_fatima_laderas
136,13,1,0,136,0,14,0,villa_fatima_laderas
129,7,14,0,129,1,20,0,villa_fatima_laderas
131,6,13,0,129,0,19,2,villa_fatima_laderas
136,6,8,0,135,2,12,1,villa_fatima_laderas
133,16,1,0,133,3,14,0,villa_fatima_laderas
45,58,47,0,44,1,104,1,villa_fatima_laderas
150,0,0,0,150,0,0,0,villa_fatima_laderas
132,5,13,0,131,0,18,1,villa_fatima_laderas
135,6,9,0,135,0,15,0,villa_fatima_laderas
80,18,52,0,79,1,69,1,villa_fatima_laderas
131,7,12,0,131,0,19,0,villa_fatima_laderas
135,11,4,0,134,1,14,1,villa_fatima_laderas
137,4,9,0,135,0,13,2,villa_fatima_laderas
131,6,13,0,131,0,19,0,villa_fatima_laderas
134,5,11,0,134,0,16,0,villa_fatima_laderas
131,8,11,0,129,0,19,2,villa_fatima_laderas
137,11,2,0,136,1,12,1,villa_fatima_laderas
27,13,110,0,27,2,121,0,villa_fatima_laderas
132,16,2,0,131,3,15,1,villa_fatima_laderas
133,6,11,0,132,0,17,1,villa_fatima_laderas
136,10,4,0,136,0,14,0,villa_fatima_laderas
128,6,16,0,128,1,21,0,villa_fatima_laderas
133,14,3,0,133,2,15,0,villa_fatima_laderas
113,22,14,1,110,1,35,4,villa_fatima_laderas
126,16,8,0,125,0,24,1,villa_fatima_laderas
134,7,9,0,134,2,14,0,villa_fatima_laderas
67,17,66,0,66,1,82,1,villa_fatima_laderas
136,4,10,0,135,0,14,1,villa_fatima_laderas
137,4,9,0,137,0,13,0,villa_fatima_laderas
135,13,2,0,135,0,15,0,villa_fatima_laderas
137,11,2,0,137,1,12,0,villa_fatima_laderas
36,27,87,0,32,0,114,4,villa_fatima_laderas
16,44,90,0,16,1,133,0,villa_fatima_laderas
135,12,3,0,135,1,14,0,villa_fatima_laderas
136,10,4,0,136,0,14,0,villa_fatima_laderas
132,6,12,0,132,0,18,0,villa_fatima_laderas
137,5,8,0,137,1,12,0,villa_fatima_laderas
99,30,21,0,99,3,48,0,villa_fatima_laderas
114,15,21,0,110,0,36,4,villa_fatima_laderas
131,8,11,0,131,0,19,0,villa_fatima_laderas
150,0,0,0,150,0,0,0,villa_fatima_laderas
132,16,2,0,132,0,18,0,villa_fatima_laderas
150,0,0,0,150,0,0,0,villa_fatima_laderas
136,11,3,0,135,1,13,1,villa_fatima_laderas
128,6,16,0,128,0,22,0,villa_fatima_laderas
150,0,0,0,150,0,0,0,villa_fatima_laderas
57,16,77,0,55,1,92,2,villa_fatima_laderas
136,12,2,0,135,0,14,1,villa_fatima_laderas
134,12,4,0,134,3,13,0,villa_fatima_laderas
135,12,3,0,135,1,14,0,villa_fatima_laderas
150,0,0,0,150,0,0,0,villa_fatima_laderas
136,12,2,0,135,0,14,1,villa_fatima_laderas
138,5,7,0,137,0,12,1,villa_fatima_laderas
133,5,12,0,132,0,17,1,villa_fatima_laderas
136,12,2,0,136,2,12,0,villa_fatima_laderas
132,8,10,0,132,0,18,0,villa_fatima_laderas
121,11,18,0,120,2,27,1,villa_fatima_laderas
138,12,0,0,138,0,12,0,villa_fatima_laderas
137,5,8,0,137,2,11,0,villa_fatima_laderas
133,7,10,0,132,0,17,1,villa_fatima_laderas
89,41,20,0,85,7,54,4,villa_fatima_laderas
31,15,104,0,30,0,119,1,villa_fatima_laderas
60,89,1,0,55,8,82,5,villa_fatima_laderas
133,12,5,0,132,1,16,1,villa_fatima_laderas
106,21,23,0,105,4,40,1,villa_fatima_laderas
132,7,11,0,130,0,18,2,villa_fatima_laderas
134,7,9,0,134,3,13,0,villa_fatima_laderas
76,73,1,0,75,0,74,1,villa_fatima_laderas
136,5,9,0,136,1,13,0,villa_fatima_laderas
137,13,0,0,137,1,12,0,villa_fatima_laderas
117,18,15,0,114,1,32,3,villa_fatima_laderas
133,6,11,0,132,0,17,1,villa_fatima_laderas
131,7,12,0,130,0,19,1,villa_fatima_laderas
134,12,4,0,134,1,15,0,villa_fatima_laderas
134,6,10,0,134,1,15,0,villa_fatima_laderas
80,9,61,0,80,0,70,0,villa_fatima_laderas
133,6,11,0,133,2,15,0,villa_fatima_laderas
93,20,37,0,93,5,52,0,villa_fatima_laderas
133,10,7,0,133,2,15,0,villa_fatima_laderas
136,11,3,0,136,3,11,0,villa_fatima_laderas
136,11,3,0,136,0,14,0,villa_fatima_laderas
51,15,84,0,51,0,99,0,villa_fatima_laderas
95,14,41,0,94,1,54,1,villa_fatima_laderas
133,13,4,0,131,0,17,2,villa_fatima_laderas
134,16,0,0,134,1,15,0,villa_fatima_laderas
133,6,11,0,132,0,17,1,villa_fatima_laderas
150,0,0,0,150,0,0,0,villa_fatima_laderas
71,61,16,2,59,13,64,14,villa_fatima_laderas
136,10,4,0,134,0,14,2,villa_fatima_laderas
139,6,5,0,139,1,10,0,villa_fatima_laderas
136,4,10,0,136,0,14,0,villa_fatima_laderas
128,8,14,0,128,2,20,0,villa_fatima_laderas
137,6,7,0,137,1,12,0,villa_fatima_laderas
150,0,0,0,150,0,0,0,villa_fatima_laderas
131,14,5,0,131,2,17,0,villa_fatima_laderas
121,8,21,0,120,1,28,1,villa_fatima_laderas
129,9,12,0,128,0,21,1,villa_fatima_laderas
134,4,12,0,134,0,16,0,villa_fatima_laderas
137,8,5,0,137,0,13,0,villa_fatima_laderas
134,7,9,0,134,1,15,0,villa_fatima_laderas
60,53,37,0,60,9,81,0,villa_fatima_laderas
137,13,0,0,137,1,12,0,villa_fatima_laderas
88,30,32,0,85,11,51,3,villa_fatima_laderas
129,8,13,0,128,2,19,1,villa_fatima_laderas
126,12,12,0,125,1,23,1,villa_fatima_laderas
77,12,61,0,75,0,73,2,villa_fatima_laderas
137,4,9,0,137,0,13,0,villa_fatima_laderas
127,7,16,0,127,0,23,0,villa_fatima_laderas
128,7,15,0,127,0,22,1,villa_fatima_laderas
131,9,10,0,130,0,19,1,villa_fatima_laderas
136,4,10,0,136,0,14,0,villa_fatima_laderas
104,21,25,0,102,0,46,2,villa_fatima_laderas
135,13,2,0,135,1,14,0,villa_fatima_laderas
138,9,3,0,138,1,11,0,villa_fatima_laderas
150,0,0,0,149,0,0,1,villa_fatima_laderas
150,0,0,0,150,0,0,0,villa_fatima_laderas
136,12,2,0,136,1,13,0,villa_fatima_laderas
150,0,0,0,150,0,0,0,villa_fatima_laderas
115,17,18,0,115,5,30,0,villa_fatima_laderas
135,4,11,0,135,0,15,0,villa_fatima_laderas
135,5,10,0,134,0,15,1,villa_fatima_laderas
110,24,16,0,110,8,32,0,villa_fatima_laderas
150,0,0,0,150,0,0,0,villa_fatima_laderas
137,9,4,0,137,2,11,0,villa_fatima_laderas
129,6,15,0,127,1,20,2,villa_fatima_laderas
136,4,10,0,136,0,14,0,villa_fatima_laderas
78,49,23,0,70,8,64,8,villa_fatima_laderas
132,5,13,0,132,0,18,0,villa_fatima_laderas
134,12,4,0,132,1,15,2,villa_fatima_laderas
150,0,0,0,150,0,0,0,villa_fatima_laderas
136,11,3,0,135,1,13,1,villa_fatima_laderas
130,5,15,0,128,0,20,2,villa_fatima_laderas
134,7,9,0,134,0,16,0,villa_fatima_laderas
150,0,0,0,150,0,0,0,villa_fatima_laderas
133,10,7,0,132,0,17,1,villa_fatima_laderas
133,14,3,0,131,0,17,2,villa_fatima_laderas
0,2,148,0,0,0,150,0,villa_fatima_laderas
86,20,44,0,86,0,64,0,villa_fatima_laderas
134,14,2,0,134,1,15,0,villa_fatima_laderas
131,5,14,0,131,0,19,0,villa_fatima_laderas
135,5,10,0,134,1,14,1,villa_fatima_laderas
127,9,14,0,127,1,22,0,villa_fatima_laderas
137,4,9,0,136,0,13,1,villa_fatima_laderas
137,10,3,0,134,0,13,3,villa_fatima_laderas
116,14,20,0,116,0,34,0,villa_fatima_laderas
116,33,1,0,116,4,30,0,villa_fatima_laderas
137,9,4,0,137,2,11,0,villa_fatima_laderas
135,5,10,0,134,0,15,1,villa_fatima_laderas
30,26,94,0,30,2,118,0,villa_fatima_laderas
34,71,45,0,29,1,115,5,villa_fatima_laderas
113,21,16,0,113,0,37,0,villa_fatima_laderas
133,6,11,0,133,1,16,0,villa_fatima_laderas
150,0,0,0,150,0,0,0,villa_fatima_laderas
133,8,9,0,132,2,15,1,villa_fatima_laderas
133,6,11,0,133,0,17,0,villa_fatima_laderas
138,3,9,0,137,0,12,1,villa_fatima_laderas
138,5,7,0,138,0,12,0,villa_fatima_laderas
134,5,11,0,132,0,16,2,villa_fatima_laderas
134,15,1,0,134,2,14,0,villa_fatima_laderas
136,5,9,0,136,0,14,0,villa_fatima_laderas
134,14,2,0,133,0,16,1,villa_fatima_laderas
61,16,73,0,59,2,87,2,villa_fatima_laderas
95,26,29,0,94,4,51,1,villa_fatima_laderas
132,5,13,0,132,1,17,0,villa_fatima_laderas
136,9,5,0,136,1,13,0,villa_fatima_laderas
150,0,0,0,150,0,0,0,villa_fatima_laderas
136,12,2,0,136,2,12,0,villa_fatima_laderas
135,12,3,0,135,1,14,0,villa_fatima_laderas
129,15,6,0,129,1,20,0,villa_fatima_laderas
68,19,63,0,66,1,81,2,villa_fatima_laderas
112,19,19,0,112,1,37,0,villa_fatima_laderas
134,14,2,0,134,2,14,0,villa_fatima_laderas
117,13,20,0,116,0,33,1,villa_fatima_laderas
132,6,12,0,131,0,18,1,villa_fatima_laderas
129,6,15,0,129,0,21,0,villa_fatima_laderas
134,6,10,0,133,0,16,1,villa_fatima_laderas
136,4,10,0,135,0,14,1,villa_fatima_laderas
78,36,36,0,78,1,71,0,villa_fatima_laderas
76,19,55,0,76,2,72,0,villa_fatima_laderas
117,17,16,0,117,0,33,0,villa_fatima_laderas
136,12,2,0,136,1,13,0,villa_fatima_laderas
135,13,2,0,135,2,13,0,villa_fatima_laderas
44,29,77,0,41,1,105,3,villa_fatima_laderas
135,10,5,0,135,0,15,0,villa_fatima_laderas
134,7,9,0,134,1,15,0,villa_fatima_laderas
127,7,16,0,127,0,23,0,villa_fatima_laderas
133,11,6,0,133,1,16,0,villa_fatima_laderas
84,17,49,0,83,0,66,1,villa_fatima_laderas
94,41,15,0,93,1,55,1,villa_fatima_laderas
135,13,2,0,135,1,14,0,villa_fatima_laderas
132,5,13,0,132,1,17,0,villa_fatima_laderas
133,6,11,0,131,1,16,2,villa_fatima_laderas
135,9,6,0,133,0,15,2,villa_fatima_laderas
109,13,28,0,109,1,40,0,villa_fatima_laderas
0,58,92,0,0,1,149,0,villa_fatima_laderas
129,6,15,0,129,1,20,0,villa_fatima_laderas
138,10,2,0,136,0,12,2,villa_fatima_laderas
136,5,9,0,135,0,14,1,villa_fatima_laderas
150,0,0,0,150,0,0,0,villa_fatima_laderas
132,8,10,0,132,1,17,0,villa_fatima_laderas
150,0,0,0,150,0,0,0,villa_fatima_laderas
135,9,6,0,135,0,15,0,villa_fatima_laderas
136,13,1,0,136,3,11,0,villa_fatima_laderas
109,19,22,0,108,6,35,1,villa_fatima_laderas
137,5,8,0,137,1,12,0,villa_fatima_laderas
135,11,4,0,135,1,14,0,villa_fatima_laderas
130,8,12,0,130,0,20,0,villa_fatima_laderas
135,4,11,0,134,0,15,1,villa_fatima_laderas
124,13,13,0,123,0,26,1,villa_fatima_laderas
134,14,2,0,134,1,15,0,villa_fatima_laderas
91,5,54,0,87,0,59,4,villa_fatima_laderas
150,0,0,0,148,0,0,2,villa_fatima_laderas
135,6,9,0,135,1,14,0,villa_fatima_laderas
135,9,6,0,135,3,12,0,villa_fatima_laderas
150,0,0,0,150,0,0,0,villa_fatima_laderas
134,5,11,0,132,0,16,2,villa_fatima_laderas
94,28,28,0,90,0,56,4,villa_fatima_laderas
96,12,42,0,94,1,53,2,villa_fatima_laderas
134,7,9,0,134,1,15,0,villa_fatima_laderas
135,10,5,0,135,1,14,0,villa_fatima_laderas
150,0,0,0,149,0,0,1,villa_fatima_laderas
132,6,12,0,132,1,17,0,villa_fatima_laderas
136,6,8,0,136,1,13,0,villa_fatima_laderas
136,10,4,0,135,0,14,1,villa_fatima_laderas
132,6,12,0,132,1,17,0,villa_fatima_laderas
0,64,86,0,0,1,149,0,villa_fatima_laderas
53,18,79,0,47,0,97,6,villa_fatima_laderas
134,6,10,0,134,1,15,0,villa_fatima_laderas
131,8,11,0,129,0,19,2,villa_fatima_laderas
126,12,12,0,125,2,22,1,villa_fatima_laderas
59,12,79,0,58,1,90,1,villa_fatima_laderas
137,5,8,0,137,1,12,0,villa_fatima_laderas
44,14,92,0,42,0,106,2,villa_fatima_laderas
137,9,4,0,137,1,12,0,villa_fatima_laderas
138,9,3,0,138,1,11,0,villa_fatima_laderas
51,48,51,0,47,2,97,4,villa_fatima_laderas
128,7,15,0,127,0,22,1,villa_fatima_laderas
134,5,11,0,133,0,16,1,villa_fatima_laderas
119,31,0,0,117,7,24,2,villa_fatima_laderas
109,21,20,0,108,4,37,1,villa_fatima_laderas
150,0,0,0,149,0,0,1,villa_fatima_laderas
150,0,0,0,150,0,0,0,villa_fatima_laderas
74,25,51,0,72,1,75,2,villa_fatima_laderas
132,6,12,0,131,0,18,1,villa_fatima_laderas
133,5,12,0,133,0,17,0,villa_fatima_laderas
136,11,3,0,136,0,14,0,villa_fatima_laderas
133,6,11,0,133,1,16,0,villa_fatima_laderas
136,12,2,0,135,1,13,1,villa_fatima_laderas
135,9,6,0,135,2,13,0,villa_fatima_laderas
136,9,5,0,136,1,13,0,villa_fatima_laderas
135,6,9,0,135,0,15,0,villa_fatima_laderas
133,7,10,0,133,0,17,0,villa_fatima_laderas
134,4,12,0,134,1,15,0,villa_fatima_laderas
136,11,3,0,135,1,13,1,villa_fatima_laderas
134,8,8,0,132,0,16,2,villa_fatima_laderas
98,18,34,0,97,0,52,1,villa_fatima_laderas
74,11,65,0,73,1,75,1,villa_fatima_laderas
136,10,4,0,135,0,14,1,villa_fatima_laderas
150,0,0,0,150,0,0,0,villa_fatima_laderas
150,0,0,0,150,0,0,0,villa_fatima_laderas
22,54,74,0,19,3,125,3,villa_fatima_laderas
132,15,3,0,130,1,17,2,villa_fatima_laderas
135,13,2,0,135,2,13,0,villa_fatima_laderas
134,5,11,0,134,1,15,0,villa_fatima_laderas
133,5,12,0,133,0,17,0,villa_fatima_laderas
150,0,0,0,150,0,0,0,villa_fatima_laderas
110,21,19,0,110,5,35,0,villa_fatima_laderas
130,8,12,0,129,0,20,1,villa_fatima_laderas
150,0,0,0,150,0,0,0,villa_fatima_laderas
150,0,0,0,150,0,0,0,villa_fatima_laderas
135,4,11,0,135,0,15,0,villa_fatima_laderas
132,7,11,0,131,0,18,1,villa_fatima_laderas
150,0,0,0,150,0,0,0,villa_fatima_laderas
136,8,6,0,135,1,13,1,villa_fatima_laderas
139,8,3,0,139,1,10,0,villa_fatima_laderas
150,0,0,0,150,0,0,0,villa_fatima_laderas
137,8,5,0,136,0,13,1,villa_fatima_laderas
134,4,12,0,132,0,16,2,villa_fatima_laderas
135,12,3,0,135,1,14,0,villa_fatima_laderas
130,6,14,0,129,1,19,1,villa_fatima_laderas
137,11,2,0,137,0,13,0,villa_fatima_laderas
133,7,10,0,133,1,16,0,villa_fatima_laderas
98,28,24,0,98,5,47,0,villa_fatima_laderas
37,25,88,0,35,2,111,2,villa_fatima_laderas
134,6,10,0,134,0,16,0,villa_fatima_laderas
138,10,2,0,137,0,12,1,villa_fatima_laderas
137,11,2,0,137,1,12,0,villa_fatima_laderas
131,12,7,0,130,2,17,1,villa_fatima_laderas
134,12,4,0,134,0,16,0,villa_fatima_laderas
103,15,32,0,101,0,47,2,villa_fatima_laderas
134,8,8,0,134,1,15,0,villa_fatima_laderas
129,9,12,0,128,0,21,1,villa_fatima_laderas
33,14,103,0,33,3,114,0,villa_fatima_laderas
150,0,0,0,150,0,0,0,villa_fatima_laderas
133,6,11,0,133,1,16,0,villa_fatima_laderas
135,14,1,0,135,1,14,0,villa_fatima_laderas
150,0,0,0,147,0,0,3,villa_fatima_laderas
73,7,70,0,71,0,77,2,villa_fatima_laderas
134,11,5,0,133,0,16,1,villa_fatima_laderas
134,14,2,0,133,0,16,1,villa_fatima_laderas
135,10,5,0,134,0,15,1,villa_fatima_laderas
133,6,11,0,133,1,16,0,villa_fatima_laderas
150,0,0,0,150,0,0,0,villa_fatima_laderas
135,5,10,0,134,0,15,1,villa_fatima_laderas
137,3,10,0,137,0,13,0,villa_fatima_laderas
135,10,5,0,135,1,14,0,villa_fatima_laderas
126,7,17,0,126,0,24,0,villa_fatima_laderas
134,5,11,0,134,2,14,0,villa_fatima_laderas
136,8,6,0,135,1,13,1,villa_fatima_laderas
60,30,60,0,58,4,86,2,villa_fatima_laderas
115,15,20,0,111,0,35,4,villa_fatima_laderas
134,8,8,0,132,1,15,2,villa_fatima_laderas
150,0,0,0,150,0,0,0,villa_fatima_laderas
69,19,62,0,66,0,81,3,villa_fatima_laderas
135,11,4,0,135,0,15,0,villa_fatima_laderas
134,5,11,0,132,0,16,2,villa_fatima_laderas
131,6,13,0,131,0,19,0,villa_fatima_laderas
136,14,0,0,136,0,14,0,villa_fatima_laderas
133,6,11,0,133,1,16,0,villa_fatima_laderas
126,11,13,0,124,0,24,2,villa_fatima_laderas
71,29,50,0,70,2,77,1,villa_fatima_laderas
136,9,5,0,135,0,14,1,villa_fatima_laderas
135,12,3,0,134,0,15,1,villa_fatima_laderas
121,12,17,0,121,1,28,0,villa_fatima_laderas
136,8,6,0,136,1,13,0,villa_fatima_laderas
131,8,11,0,131,0,19,0,villa_fatima_laderas
127,7,16,0,127,1,22,0,villa_fatima_laderas
116,25,9,0,116,1,33,0,villa_fatima_laderas
119,20,11,0,116,3,28,3,villa_fatima_laderas
125,11,14,0,123,1,24,2,villa_fatima_laderas
134,11,5,0,134,0,16,0,villa_fatima_laderas
133,5,12,0,133,2,15,0,villa_fatima_laderas
56,12,82,0,54,0,94,2,villa_fatima_laderas
133,5,12,0,131,0,17,2,villa_fatima_laderas
39,13,98,0,38,0,111,1,villa_fatima_laderas
25,52,73,0,25,1,124,0,villa_fatima_laderas
136,12,2,0,136,2,12,0,villa_fatima_laderas
81,13,56,0,81,0,69,0,villa_fatima_laderas
135,12,3,0,135,2,13,0,villa_fatima_laderas
133,6,11,0,133,1,16,0,villa_fatima_laderas
9,57,83,1,6,4,136,4,villa_fatima_laderas
137,9,4,0,135,0,13,2,villa_fatima_laderas
136,3,11,0,136,0,14,0,villa_fatima_laderas
137,3,10,0,137,0,13,0,villa_fatima_laderas
150,0,0,0,150,0,0,0,villa_fatima_laderas
135,13,2,0,135,1,14,0,villa_fatima_laderas
85,24,41,0,79,4,61,6,villa_fatima_laderas
135,7,8,0,135,0,15,0,villa_fatima_laderas
7,11,132,0,5,0,143,2,villa_fatima_laderas
100,31,19,0,100,4,46,0,villa_fatima_laderas
134,16,0,0,134,4,12,0,villa_fatima_laderas
150,0,0,0,150,0,0,0,villa_fatima_laderas
134,6,10,0,133,0,16,1,villa_fatima_laderas
91,42,17,0,87,8,51,4,villa_fatima_laderas
135,7,8,0,134,0,15,1,villa_fatima_laderas
150,0,0,0,150,0,0,0,villa_fatima_laderas
128,8,14,0,127,2,20,1,villa_fatima_laderas
133,14,3,0,133,0,17,0,villa_fatima_laderas
135,10,5,0,135,2,13,0,villa_fatima_laderas
130,7,13,0,130,0,20,0,villa_fatima_laderas
133,11,6,0,132,0,17,1,villa_fatima_laderas
135,6,9,0,135,1,14,0,villa_fatima_laderas
134,7,9,0,134,0,16,0,villa_fatima_laderas
136,5,9,0,135,0,14,1,villa_fatima_laderas
137,9,4,0,137,2,11,0,villa_fatima_laderas
150,0,0,0,150,0,0,0,villa_fatima_laderas
132,14,4,0,132,0,18,0,villa_fatima_laderas
106,15,29,0,103,3,41,3,villa_fatima_laderas
56,5,89,0,54,0,94,2,villa_fatima_laderas
130,5,15,0,130,1,19,0,villa_fatima_laderas
130,18,2,0,129,1,19,1,villa_fatima_laderas
66,10,74,0,65,2,82,1,villa_fatima_laderas
137,4,9,0,137,1,12,0,villa_fatima_laderas
136,9,5,0,134,0,14,2,villa_fatima_laderas
98,22,30,0,97,1,51,1,villa_fatima_laderas
131,7,12,0,131,2,17,0,villa_fatima_laderas
121,11,18,0,116,1,28,5,villa_fatima_laderas
135,11,4,0,134,1,14,1,villa_fatima_laderas
93,25,32,0,92,1,56,1,villa_fatima_laderas
135,13,2,0,134,0,15,1,villa_fatima_laderas
92,22,36,0,92,1,57,0,villa_fatima_laderas
135,14,1,0,135,1,14,0,villa_fatima_laderas
150,0,0,0,150,0,0,0,villa_fatima_laderas
136,10,4,0,134,0,14,2,villa_fatima_laderas
131,4,15,0,130,0,19,1,villa_fatima_laderas
134,11,5,0,134,0,16,0,villa_fatima_laderas
136,10,4,0,136,1,13,0,villa_fatima_laderas
103,14,33,0,101,1,46,2,villa_fatima_laderas
133,5,12,0,132,0,17,1,villa_fatima_laderas
132,6,12,0,132,1,17,0,villa_fatima_laderas
134,6,10,0,134,0,16,0,villa_fatima_laderas
136,11,3,0,135,0,14,1,villa_fatima_laderas
50,45,55,0,49,2,98,1,villa_fatima_laderas
48,17,85,0,48,0,102,0,villa_fatima_laderas
129,7,14,0,128,0,21,1,villa_fatima_laderas
132,16,2,0,132,0,18,0,villa_fatima_laderas
74,14,62,0,70,1,75,4,villa_fatima_laderas
136,12,2,0,135,0,14,1,villa_fatima_laderas
85,49,16,0,75,14,51,10,villa_fatima_laderas
54,18,78,0,53,1,95,1,villa_fatima_laderas
134,5,11,0,134,2,14,0,villa_fatima_laderas
137,10,3,0,137,0,13,0,villa_fatima_laderas
69,51,30,0,69,5,76,0,villa_fatima_laderas
77,13,60,0,77,3,70,0,villa_fatima_laderas
0,10,140,0,0,0,150,0,villa_fatima_laderas
132,6,12,0,131,0,18,1,villa_fatima_laderas
150,0,0,0,150,0,0,0,villa_fatima_laderas
134,14,2,0,134,0,16,0,villa_fatima_laderas
136,4,10,0,134,0,14,2,villa_fatima_laderas
136,4,10,0,136,0,14,0,villa_fatima_laderas
134,8,8,0,133,0,16,1,villa_fatima_laderas
79,24,47,0,77,4,67,2,villa_fatima_laderas
134,6,10,0,134,1,15,0,villa_fatima_laderas
132,17,1,0,130,0,18,2,villa_fatima_laderas
131,6,13,0,130,0,19,1,villa_fatima_laderas
137,11,2,0,134,0,13,3,villa_fatima_laderas
114,15,21,0,113,0,36,1,villa_fatima_laderas
128,5,17,0,127,0,22,1,villa_fatima_laderas
39,26,85,0,39,8,103,0,villa_fatima_laderas
136,8,6,0,136,1,13,0,villa_fatima_laderas
134,6,10,0,134,0,16,0,villa_fatima_laderas
134,4,12,0,133,0,16,1,villa_fatima_laderas
150,0,0,0,150,0,0,0,villa_fatima_laderas
150,0,0,0,150,0,0,0,villa_fatima_laderas
56,13,81,0,56,2,92,0,villa_fatima_laderas
136,11,3,0,136,0,14,0,villa_fatima_laderas
98,33,19,0,98,3,49,0,villa_fatima_laderas
133,4,13,0,133,1,16,0,villa_fatima_laderas
150,0,0,0,150,0,0,0,villa_fatima_laderas
125,11,14,0,125,2,23,0,villa_fatima_laderas
32,15,103,0,32,0,118,0,villa_fatima_laderas
132,11,7,0,132,0,18,0,villa_fatima_laderas
58,25,67,0,55,1,91,3,villa_fatima_laderas
95,28,27,0,95,0,55,0,villa_fatima_laderas
134,5,11,0,134,0,16,0,villa_fatima_laderas
134,6,10,0,134,1,15,0,villa_fatima_laderas
136,8,6,0,136,1,13,0,villa_fatima_laderas
132,12,6,0,132,1,17,0,villa_fatima_laderas
131,5,14,0,131,0,19,0,villa_fatima_laderas
137,11,2,0,136,0,13,1,villa_fatima_laderas
11,15,124,0,11,0,139,0,villa_fatima_laderas
80,39,31,0,79,1,69,1,villa_fatima_laderas
131,7,12,0,130,0,19,1,villa_fatima_laderas
131,5,14,0,131,0,19,0,villa_fatima_laderas
136,11,3,0,135,0,14,1,villa_fatima_laderas
99,26,25,0,98,3,48,1,villa_fatima_laderas
132,7,11,0,131,0,18,1,villa_fatima_laderas
136,4,10,0,136,1,13,0,villa_fatima_laderas
120,12,18,0,119,0,30,1,villa_fatima_laderas
133,6,11,0,133,0,17,0,villa_fatima_laderas
134,6,10,0,134,0,16,0,villa_fatima_laderas
102,17,31,0,102,1,47,0,villa_fatima_laderas
134,5,11,0,132,0,16,2,villa_fatima_laderas
134,10,6,0,134,1,15,0,villa_fatima_laderas
73,12,65,0,73,1,76,0,villa_fatima_laderas
93,22,35,0,93,1,56,0,villa_fatima_laderas
135,13,2,0,133,2,13,2,villa_fatima_laderas
131,6,13,0,130,1,18,1,villa_fatima_laderas
124,5,21,0,124,0,26,0,villa_fatima_laderas
134,14,2,0,134,2,14,0,villa_fatima_laderas
102,30,18,0,99,3,45,3,villa_fatima_laderas
133,7,10,0,133,2,15,0,villa_fatima_laderas
134,2,14,0,132,0,16,2,villa_fatima_laderas
136,9,5,0,136,0,14,0,villa_fatima_laderas
133,5,12,0,133,0,17,0,villa_fatima_laderas
150,0,0,0,150,0,0,0,villa_fatima_laderas
134,4,12,0,133,0,16,1,villa_fatima_laderas
122,12,16,0,121,0,28,1,villa_fatima_laderas
133,6,11,0,133,2,15,0,villa_fatima_laderas
131,6,13,0,131,1,18,0,villa_fatima_laderas
136,8,6,0,136,0,14,0,villa_fatima_laderas
137,8,5,0,135,0,13,2,villa_fatima_laderas
134,5,11,0,132,0,16,2,villa_fatima_laderas
128,10,12,0,127,3,19,1,villa_fatima_laderas
147,3,0,0,146,1,2,1,villa_fatima_laderas
129,6,15,0,128,1,20,1,villa_fatima_laderas
137,8,5,0,137,0,13,0,villa_fatima_laderas
131,8,11,0,130,0,19,1,villa_fatima_laderas
150,0,0,0,150,0,0,0,villa_fatima_laderas
134,14,2,0,134,1,15,0,villa_fatima_laderas
133,5,12,0,133,2,15,0,villa_fatima_laderas
133,5,12,0,133,0,17,0,villa_fatima_laderas
132,8,10,0,132,1,17,0,villa_fatima_laderas
133,6,11,0,132,0,17,1,villa_fatima_laderas
131,6,13,0,131,1,18,0,villa_fatima_laderas
131,13,6,0,130,0,19,1,villa_fatima_laderas
0,27,123,0,0,0,150,0,villa_fatima_laderas
134,5,11,0,132,0,16,2,villa_fatima_laderas
150,0,0,0,150,0,0,0,villa_fatima_laderas
135,12,3,0,135,1,14,0,villa_fatima_laderas
135,4,11,0,135,0,15,0,villa_fatima_laderas
133,5,12,0,133,0,17,0,villa_fatima_laderas
136,13,1,0,136,0,14,0,villa_fatima_laderas
130,5,15,0,130,0,20,0,villa_fatima_laderas
136,13,1,0,136,2,12,0,villa_fatima_laderas
123,27,0,0,123,4,23,0,villa_fatima_laderas
135,12,3,0,133,1,14,2,villa_fatima_laderas
108,35,7,0,104,4,38,4,villa_fatima_laderas
90,9,51,0,90,1,59,0,villa_fatima_laderas
136,4,10,0,135,0,14,1,villa_fatima_laderas
136,5,9,0,136,0,14,0,villa_fatima_laderas
138,4,8,0,137,0,12,1,villa_fatima_laderas
128,11,11,0,128,0,22,0,villa_fatima_laderas
2,17,131,0,1,0,148,1,villa_fatima_laderas
125,8,17,0,123,0,25,2,villa_fatima_laderas
132,7,11,0,130,0,18,2,villa_fatima_laderas
59,33,58,0,56,1,90,3,villa_fatima_laderas
133,13,4,0,132,0,17,1,villa_fatima_laderas
136,6,8,0,136,1,13,0,villa_fatima_laderas
134,10,6,0,132,1,15,2,villa_fatima_laderas
1,57,92,0,1,5,144,0,villa_fatima_laderas
135,10,5,0,133,1,14,2,villa_fatima_laderas
66,19,65,0,64,0,84,2,villa_fatima_laderas
135,8,7,0,135,1,14,0,villa_fatima_laderas
125,9,16,0,123,0,25,2,villa_fatima_laderas
132,7,11,0,132,2,16,0,villa_fatima_laderas
122,15,13,0,119,4,24,3,villa_fatima_laderas
137,7,6,0,137,0,13,0,villa_fatima_laderas
136,11,3,0,136,1,13,0,villa_fatima_laderas
109,26,15,0,107,0,41,2,villa_fatima_laderas
130,7,13,0,130,1,19,0,villa_fatima_laderas
129,7,14,0,128,0,21,1,villa_fatima_laderas
135,13,2,0,134,1,14,1,villa_fatima_laderas
128,7,15,0,128,0,22,0,villa_fatima_laderas
135,13,2,0,135,0,15,0,villa_fatima_laderas
150,0,0,0,150,0,0,0,villa_fatima_laderas
63,45,42,0,55,7,80,8,villa_fatima_laderas
68,14,68,0,66,0,82,2,villa_fatima_laderas
130,8,12,0,130,2,18,0,villa_fatima_laderas
131,6,13,0,130,1,18,1,villa_fatima_laderas
134,15,1,0,134,1,15,0,villa_fatima_laderas
77,55,18,0,73,9,64,4,villa_fatima_laderas
118,17,15,0,118,2,30,0,villa_fatima_laderas
150,0,0,0,150,0,0,0,villa_fatima_laderas
150,0,0,0,150,0,0,0,villa_fatima_laderas
125,7,18,0,124,0,25,1,villa_fatima_laderas
106,15,29,0,104,2,42,2,villa_fatima_laderas
150,0,0,0,148,0,0,2,villa_fatima_laderas
134,13,3,0,133,0,16,1,villa_fatima_laderas
124,11,15,0,123,2,24,1,villa_fatima_laderas
150,0,0,0,150,0,0,0,villa_fatima_laderas
136,6,8,0,135,1,13,1,villa_fatima_laderas
83,31,36,0,81,7,60,2,villa_fatima_laderas
126,18,6,0,123,0,24,3,villa_fatima_laderas
135,5,10,0,135,0,15,0,villa_fatima_laderas
135,6,9,0,135,0,15,0,villa_fatima_laderas
150,0,0,0,150,0,0,0,villa_fatima_laderas
83,25,42,0,81,1,66,2,villa_fatima_laderas
138,8,4,0,138,3,9,0,villa_fatima_laderas
144,5,0,1,139,1,4,6,villa_fatima_laderas
133,7,10,0,132,0,17,1,villa_fatima_laderas
137,8,5,0,136,0,13,1,villa_fatima_laderas
136,11,3,0,136,0,14,0,villa_fatima_laderas
128,7,15,0,127,1,21,1,villa_fatima_laderas
86,14,50,0,86,3,61,0,villa_fatima_laderas
130,6,14,0,130,1,19,0,villa_fatima_laderas
135,4,11,0,135,0,15,0,villa_fatima_laderas
22,28,100,0,22,2,126,0,villa_fatima_laderas
80,16,54,0,79,0,70,1,villa_fatima_laderas
135,6,9,0,134,0,15,1,villa_fatima_laderas
137,5,8,0,137,0,13,0,villa_fatima_laderas
136,6,8,0,136,1,13,0,villa_fatima_laderas
133,6,11,0,133,1,16,0,villa_fatima_laderas
136,12,2,0,136,1,13,0,villa_fatima_laderas
131,8,11,0,131,0,19,0,villa_fatima_laderas
86,31,33,0,84,3,61,2,villa_fatima_laderas
137,10,3,0,136,0,13,1,villa_fatima_laderas
115,18,17,0,115,0,35,0,villa_fatima_laderas
136,12,2,0,136,2,12,0,villa_fatima_laderas
135,6,9,0,135,1,14,0,villa_fatima_laderas
135,6,9,0,133,0,15,2,villa_fatima_laderas
150,0,0,0,150,0,0,0,villa_fatima_laderas
131,6,13,0,130,0,19,1,villa_fatima_laderas
101,34,15,0,100,3,46,1,villa_fatima_laderas
134,6,10,0,134,1,15,0,villa_fatima_laderas
136,12,2,0,136,0,14,0,villa_fatima_laderas
147,3,0,0,140,1,2,7,villa_fatima_laderas
95,46,9,0,95,5,50,0,villa_fatima_laderas
134,13,3,0,131,0,16,3,villa_fatima_laderas
133,8,9,0,133,1,16,0,villa_fatima_laderas
137,4,9,0,137,0,13,0,villa_fatima_laderas
150,0,0,0,150,0,0,0,villa_fatima_laderas
136,10,4,0,136,0,14,0,villa_fatima_laderas
125,8,17,0,125,2,23,0,villa_fatima_laderas
135,10,5,0,135,1,14,0,villa_fatima_laderas
0,2,148,0,0,0,150,0,villa_fatima_laderas
131,8,11,0,131,1,18,0,villa_fatima_laderas
136,13,1,0,135,0,14,1,villa_fatima_laderas
134,5,11,0,134,1,15,0,villa_fatima_laderas
132,17,1,0,132,0,18,0,villa_fatima_laderas
34,15,101,0,34,3,113,0,villa_fatima_laderas
97,11,42,0,97,1,52,0,villa_fatima_laderas
134,6,10,0,133,1,15,1,villa_fatima_laderas
42,13,95,0,41,1,107,1,villa_fatima_laderas
130,16,4,0,126,0,20,4,villa_fatima_laderas
134,12,4,0,134,3,13,0,villa_fatima_laderas
135,7,8,0,135,1,14,0,villa_fatima_laderas
136,14,0,0,136,3,11,0,villa_fatima_laderas
136,11,3,0,136,1,13,0,villa_fatima_laderas
85,24,41,0,84,0,65,1,villa_fatima_laderas
134,5,11,0,133,0,16,1,villa_fatima_laderas
135,13,2,0,135,2,13,0,villa_fatima_laderas
136,10,4,0,135,1,13,1,villa_fatima_laderas
102,37,11,0,100,3,45,2,villa_fatima_laderas
137,7,6,0,137,1,12,0,villa_fatima_laderas
133,15,2,0,131,0,17,2,villa_fatima_laderas
130,7,13,0,130,1,19,0,villa_fatima_laderas
136,11,3,0,136,1,13,0,villa_fatima_laderas
131,6,13,0,131,1,18,0,villa_fatima_laderas
135,5,10,0,134,0,15,1,villa_fatima_laderas
134,16,0,0,131,1,15,3,villa_fatima_laderas
131,18,1,0,131,1,18,0,villa_fatima_laderas
138,9,3,0,137,0,12,1,villa_fatima_laderas
138,10,2,0,138,1,11,0,villa_fatima_laderas
73,23,54,0,73,0,77,0,villa_fatima_laderas
133,5,12,0,133,1,16,0,villa_fatima_laderas
150,0,0,0,150,0,0,0,villa_fatima_laderas
132,6,12,0,132,1,17,0,villa_fatima_laderas
132,15,3,0,130,0,18,2,villa_fatima_laderas
136,9,5,0,135,1,13,1,villa_fatima_laderas
137,5,8,0,137,0,13,0,villa_fatima_laderas
86,30,34,0,86,12,52,0,villa_fatima_laderas
135,4,11,0,134,0,15,1,villa_fatima_laderas
132,7,11,0,132,1,17,0,villa_fatima_laderas
136,14,0,0,136,0,14,0,villa_fatima_laderas
133,6,11,0,133,1,16,0,villa_fatima_laderas
129,7,14,0,129,1,20,0,villa_fatima_laderas
118,24,8,0,118,2,30,0,villa_fatima_laderas
136,13,1,0,136,2,12,0,villa_fatima_laderas
136,12,2,0,134,0,14,2,villa_fatima_laderas
137,4,9,0,137,0,13,0,villa_fatima_laderas
96,11,43,0,96,0,54,0,villa_fatima_laderas
28,39,83,0,23,1,121,5,villa_fatima_laderas
136,9,5,0,136,1,13,0,villa_fatima_laderas
130,8,12,0,130,0,20,0,villa_fatima_laderas
133,5,12,0,133,0,17,0,villa_fatima_laderas
84,19,47,0,84,1,65,0,villa_fatima_laderas
136,12,2,0,135,0,14,1,villa_fatima_laderas
135,11,4,0,134,1,14,1,villa_fatima_laderas
136,11,3,0,136,1,13,0,villa_fatima_laderas
136,3,11,0,135,0,14,1,villa_fatima_laderas
134,6,10,0,134,1,15,0,villa_fatima_laderas
26,20,104,0,25,1,123,1,villa_fatima_laderas
136,5,9,0,134,0,14,2,villa_fatima_laderas
88,17,45,0,88,1,61,0,villa_fatima_laderas
135,6,9,0,135,1,14,0,villa_fatima_laderas
134,14,2,0,134,1,15,0,villa_fatima_laderas
42,17,91,0,42,4,104,0,villa_fatima_laderas
132,7,11,0,132,0,18,0,villa_fatima_laderas
136,4,10,0,135,0,14,1,villa_fatima_laderas
12,13,125,0,12,2,136,0,villa_fatima_laderas
138,9,3,0,138,0,12,0,villa_fatima_laderas
135,13,2,0,135,0,15,0,villa_fatima_laderas
136,11,3,0,136,0,14,0,villa_fatima_laderas
136,11,3,0,135,0,14,1,villa_fatima_laderas
26,31,93,0,23,11,113,3,villa_fatima_laderas
136,11,3,0,135,0,14,1,villa_fatima_laderas
133,5,12,0,133,1,16,0,villa_fatima_laderas
135,14,1,0,134,0,15,1,villa_fatima_laderas
150,0,0,0,150,0,0,0,villa_fatima_laderas
137,12,1,0,136,0,13,1,villa_fatima_laderas
90,16,44,0,88,0,60,2,villa_fatima_laderas
132,7,11,0,131,0,18,1,villa_fatima_laderas
132,16,2,0,132,2,16,0,villa_fatima_laderas
111,18,21,0,101,0,39,10,villa_fatima_laderas
150,0,0,0,150,0,0,0,villa_fatima_laderas
134,10,6,0,133,0,16,1,villa_fatima_laderas
136,10,4,0,133,1,13,3,villa_fatima_laderas
137,4,9,0,137,0,13,0,villa_fatima_laderas
104,21,25,0,103,8,38,1,villa_fatima_laderas
150,0,0,0,144,0,0,6,villa_fatima_laderas
132,7,11,0,130,0,18,2,villa_fatima_laderas
129,15,6,0,128,0,21,1,villa_fatima_laderas
109,18,23,0,109,1,40,0,villa_fatima_laderas
135,13,2,0,134,2,13,1,villa_fatima_laderas
127,9,14,0,126,1,22,1,villa_fatima_laderas
114,16,20,0,112,0,36,2,villa_fatima_laderas
135,4,11,0,135,0,15,0,villa_fatima_laderas
112,14,24,0,111,0,38,1,villa_fatima_laderas
48,21,81,0,45,1,101,3,villa_fatima_laderas
133,5,12,0,133,0,17,0,villa_fatima_laderas
125,10,15,0,125,2,23,0,villa_fatima_laderas
33,14,103,0,33,2,115,0,villa_fatima_laderas
134,13,3,0,134,0,16,0,villa_fatima_laderas
134,7,9,0,134,0,16,0,villa_fatima_laderas
0,49,101,0,0,1,149,0,villa_fatima_laderas
132,14,4,0,132,1,17,0,villa_fatima_laderas
126,11,13,0,125,2,22,1,villa_fatima_laderas
20,43,87,0,16,2,128,4,villa_fatima_laderas
133,6,11,0,133,0,17,0,villa_fatima_laderas
136,7,7,0,136,0,14,0,villa_fatima_laderas
113,20,17,0,109,0,37,4,villa_fatima_laderas
135,6,9,0,135,1,14,0,villa_fatima_laderas
112,28,10,0,110,2,36,2,villa_fatima_laderas
2,39,109,0,1,2,146,1,villa_fatima_laderas
135,11,4,0,134,1,14,1,villa_fatima_laderas
138,4,8,0,138,1,11,0,villa_fatima_laderas
134,11,5,0,130,0,16,4,villa_fatima_laderas
136,5,9,0,136,0,14,0,villa_fatima_laderas
134,6,10,0,134,0,16,0,villa_fatima_laderas
131,6,13,0,130,0,19,1,villa_fatima_laderas
136,5,9,0,135,0,14,1,villa_fatima_laderas
133,6,11,0,130,0,17,3,villa_fatima_laderas
137,12,1,0,137,1,12,0,villa_fatima_laderas
92,10,48,0,92,2,56,0,villa_fatima_laderas
84,19,47,0,83,0,66,1,villa_fatima_laderas
150,0,0,0,150,0,0,0,villa_fatima_laderas
77,10,63,0,74,0,73,3,villa_fatima_laderas
133,5,12,0,132,0,17,1,villa_fatima_laderas
135,12,3,0,135,1,14,0,villa_fatima_laderas
135,4,11,0,135,0,15,0,villa_fatima_laderas
133,5,12,0,132,1,16,1,villa_fatima_laderas
132,11,7,0,130,0,18,2,villa_fatima_laderas
70,23,57,0,69,1,79,1,villa_fatima_laderas
133,9,8,0,133,1,16,0,villa_fatima_laderas
69,15,66,0,67,0,81,2,villa_fatima_laderas
136,5,9,0,136,1,13,0,villa_fatima_laderas
150,0,0,0,150,0,0,0,villa_fatima_laderas
136,12,2,0,134,0,14,2,villa_fatima_laderas
137,12,1,0,137,3,10,0,villa_fatima_laderas
135,6,9,0,135,0,15,0,villa_fatima_laderas
135,7,8,0,135,1,14,0,villa_fatima_laderas
134,13,3,0,133,0,16,1,villa_fatima_laderas
134,5,11,0,134,0,16,0,villa_fatima_laderas
135,13,2,0,134,4,11,1,villa_fatima_laderas
135,12,3,0,135,2,13,0,villa_fatima_laderas
132,5,13,0,132,0,18,0,villa_fatima_laderas
132,14,4,0,132,1,17,0,villa_fatima_laderas
133,14,3,0,133,0,17,0,villa_fatima_laderas
104,24,22,0,101,0,46,3,villa_fatima_laderas
136,6,8,0,136,0,14,0,villa_fatima_laderas
134,4,12,0,133,0,16,1,villa_fatima_laderas
136,13,1,0,136,2,12,0,villa_fatima_laderas
139,6,5,0,139,1,10,0,villa_fatima_laderas
118,24,8,0,117,6,26,1,villa_fatima_laderas
136,4,10,0,136,1,13,0,villa_fatima_laderas
81,22,47,0,79,0,69,2,villa_fatima_laderas
134,14,2,0,134,1,15,0,villa_fatima_laderas
129,7,14,0,129,2,19,0,villa_fatima_laderas
132,4,14,0,131,0,18,1,villa_fatima_laderas
85,29,36,0,85,3,62,0,villa_fatima_laderas
135,14,1,0,134,1,14,1,villa_fatima_laderas
150,0,0,0,150,0,0,0,villa_fatima_laderas
136,13,1,0,136,1,13,0,villa_1_mayo
105,14,31,0,103,2,43,2,villa_1_mayo
150,0,0,0,150,0,0,0,villa_1_mayo
50,20,80,0,47,2,98,3,villa_1_mayo
134,16,0,0,131,1,15,3,villa_1_mayo
119,11,20,0,114,1,30,5,villa_1_mayo
111,16,22,1,108,2,36,4,villa_1_mayo
126,9,15,0,125,2,22,1,villa_1_mayo
108,12,30,0,107,2,40,1,villa_1_mayo
122,10,18,0,120,0,28,2,villa_1_mayo
115,10,25,0,114,1,34,1,villa_1_mayo
28,75,47,0,21,4,118,7,villa_1_mayo
150,0,0,0,150,0,0,0,villa_1_mayo
135,13,2,0,133,1,14,2,villa_1_mayo
135,9,6,0,135,0,15,0,villa_1_mayo
150,0,0,0,150,0,0,0,villa_1_mayo
123,8,19,0,123,2,25,0,villa_1_mayo
98,16,36,0,93,2,50,5,villa_1_mayo
130,6,14,0,130,1,19,0,villa_1_mayo
118,12,20,0,118,1,31,0,villa_1_mayo
72,21,57,0,66,7,71,6,villa_1_mayo
123,7,20,0,122,2,25,1,villa_1_mayo
126,10,14,0,125,1,23,1,villa_1_mayo
51,17,82,0,51,2,97,0,villa_1_mayo
61,23,66,0,60,2,87,1,villa_1_mayo
82,33,33,2,77,3,63,7,villa_1_mayo
35,20,95,0,34,3,112,1,villa_1_mayo
126,8,16,0,124,0,24,2,villa_1_mayo
90,21,39,0,89,4,56,1,villa_1_mayo
58,20,72,0,55,3,89,3,villa_1_mayo
134,16,0,0,133,3,13,1,villa_1_mayo
121,10,19,0,119,0,29,2,villa_1_mayo
150,0,0,0,146,0,0,4,villa_1_mayo
121,12,17,0,119,1,28,2,villa_1_mayo
27,26,97,0,25,3,120,2,villa_1_mayo
118,12,20,0,116,1,31,2,villa_1_mayo
65,14,71,0,63,1,84,2,villa_1_mayo
133,16,1,0,133,3,14,0,villa_1_mayo
127,6,16,1,124,0,22,4,villa_1_mayo
135,10,5,0,133,1,14,2,villa_1_mayo
67,54,29,0,64,1,82,3,villa_1_mayo
135,12,3,0,132,0,15,3,villa_1_mayo
149,0,0,1,141,0,0,9,villa_1_mayo
28,24,98,0,26,1,121,2,villa_1_mayo
69,22,59,0,64,0,81,5,villa_1_mayo
150,0,0,0,150,0,0,0,villa_1_mayo
135,10,5,0,135,1,14,0,villa_1_mayo
125,14,11,0,122,4,21,3,villa_1_mayo
134,10,6,0,134,2,14,0,villa_1_mayo
134,13,3,0,133,1,15,1,villa_1_mayo
125,9,16,0,124,1,24,1,villa_1_mayo
91,55,4,0,80,16,43,11,villa_1_mayo
134,12,4,0,131,0,16,3,villa_1_mayo
117,11,22,0,116,2,31,1,villa_1_mayo
132,14,4,0,131,6,12,1,villa_1_mayo
15,41,93,1,14,6,128,2,villa_1_mayo
123,9,18,0,123,1,26,0,villa_1_mayo
136,12,2,0,136,2,12,0,villa_1_mayo
122,10,18,0,120,1,27,2,villa_1_mayo
126,9,15,0,126,2,22,0,villa_1_mayo
136,11,3,0,135,2,12,1,villa_1_mayo
123,8,19,0,123,0,27,0,villa_1_mayo
89,22,39,0,85,0,61,4,villa_1_mayo
150,0,0,0,149,0,0,1,villa_1_mayo
123,9,18,0,122,1,26,1,villa_1_mayo
129,7,14,0,127,0,21,2,villa_1_mayo
96,15,39,0,95,1,53,1,villa_1_mayo
113,7,30,0,111,1,36,2,villa_1_mayo
128,8,14,0,128,1,21,0,villa_1_mayo
107,36,7,0,103,2,41,4,villa_1_mayo
135,8,7,0,135,2,13,0,villa_1_mayo
136,10,4,0,136,4,10,0,villa_1_mayo
127,8,15,0,125,0,23,2,villa_1_mayo
135,10,5,0,135,1,14,0,villa_1_mayo
134,13,3,0,133,1,15,1,villa_1_mayo
125,12,13,0,124,2,23,1,villa_1_mayo
98,35,17,0,97,9,43,1,villa_1_mayo
73,42,35,0,73,3,74,0,villa_1_mayo
127,9,14,0,127,3,20,0,villa_1_mayo
134,11,5,0,133,0,16,1,villa_1_mayo
102,22,26,0,98,2,46,4,villa_1_mayo
47,30,73,0,46,3,100,1,villa_1_mayo
136,10,4,0,135,1,13,1,villa_1_mayo
126,8,16,0,126,1,23,0,villa_1_mayo
128,12,10,0,128,2,20,0,villa_1_mayo
135,11,4,0,135,0,15,0,villa_1_mayo
150,0,0,0,150,0,0,0,villa_1_mayo
0,12,138,0,0,3,147,0,villa_1_mayo
128,6,16,0,128,0,22,0,villa_1_mayo
105,26,19,0,104,2,43,1,villa_1_mayo
77,69,2,2,69,7,64,10,villa_1_mayo
35,29,86,0,32,7,108,3,villa_1_mayo
127,4,19,0,125,0,23,2,villa_1_mayo
136,12,2,0,135,1,13,1,villa_1_mayo
94,22,34,0,94,3,53,0,villa_1_mayo
136,10,4,0,133,1,13,3,villa_1_mayo
131,5,14,0,129,0,19,2,villa_1_mayo
136,9,5,0,136,1,13,0,villa_1_mayo
135,11,4,0,135,0,15,0,villa_1_mayo
131,7,12,0,129,0,19,2,villa_1_mayo
124,11,15,0,122,2,24,2,villa_1_mayo
98,36,15,1,96,13,38,3,villa_1_mayo
66,42,42,0,65,8,76,1,villa_1_mayo
127,6,17,0,125,0,23,2,villa_1_mayo
76,54,20,0,68,8,66,8,villa_1_mayo
22,25,103,0,22,1,127,0,villa_1_mayo
134,11,4,1,133,1,14,2,villa_1_mayo
116,15,19,0,113,4,30,3,villa_1_mayo
106,15,29,0,106,3,41,0,villa_1_mayo
84,34,32,0,82,4,62,2,villa_1_mayo
136,9,5,0,136,1,13,0,villa_1_mayo
126,10,14,0,124,1,23,2,villa_1_mayo
83,38,29,0,75,10,57,8,villa_1_mayo
135,11,4,0,132,1,14,3,villa_1_mayo
150,0,0,0,150,0,0,0,villa_1_mayo
122,11,17,0,122,2,26,0,villa_1_mayo
123,8,19,0,123,3,24,0,villa_1_mayo
123,9,18,0,123,3,24,0,villa_1_mayo
126,9,15,0,124,1,23,2,villa_1_mayo
135,12,3,0,134,3,12,1,villa_1_mayo
126,7,17,0,125,1,23,1,villa_1_mayo
0,22,128,0,0,3,147,0,villa_1_mayo
150,0,0,0,150,0,0,0,villa_1_mayo
122,9,19,0,121,0,28,1,villa_1_mayo
135,8,7,0,135,0,15,0,villa_1_mayo
135,12,3,0,135,3,12,0,villa_1_mayo
150,0,0,0,150,0,0,0,villa_1_mayo
0,49,101,0,0,5,145,0,villa_1_mayo
126,7,17,0,124,0,24,2,villa_1_mayo
115,8,27,0,115,1,34,0,villa_1_mayo
126,10,14,0,125,2,22,1,villa_1_mayo
0,6,144,0,0,0,150,0,villa_1_mayo
129,7,14,0,128,0,21,1,villa_1_mayo
124,9,17,0,123,1,25,1,villa_1_mayo
135,9,6,0,133,3,12,2,villa_1_mayo
59,28,63,0,56,1,90,3,villa_1_mayo
52,56,41,1,45,5,92,8,villa_1_mayo
125,8,17,0,124,2,23,1,villa_1_mayo
135,13,2,0,134,1,14,1,villa_1_mayo
66,13,71,0,66,1,83,0,villa_1_mayo
136,10,4,0,135,1,13,1,villa_1_mayo
135,9,6,0,135,2,13,0,villa_1_mayo
74,55,21,0,64,20,56,10,villa_1_mayo
124,10,16,0,124,1,25,0,villa_1_mayo
136,13,1,0,134,0,14,2,villa_1_mayo
135,9,6,0,132,1,14,3,villa_1_mayo
135,14,1,0,130,1,14,5,villa_1_mayo
133,15,2,0,133,1,16,0,villa_1_mayo
123,9,18,0,123,1,26,0,villa_1_mayo
134,10,6,0,134,2,14,0,villa_1_mayo
150,0,0,0,150,0,0,0,villa_1_mayo
135,14,1,0,134,1,14,1,villa_1_mayo
134,11,4,1,133,0,15,2,villa_1_mayo
119,10,21,0,119,0,31,0,villa_1_mayo
78,29,43,0,77,9,63,1,villa_1_mayo
135,11,4,0,135,0,15,0,villa_1_mayo
135,12,3,0,135,1,14,0,villa_1_mayo
0,36,114,0,0,1,149,0,villa_1_mayo
133,17,0,0,133,3,14,0,villa_1_mayo
32,28,90,0,28,6,112,4,villa_1_mayo
121,10,19,0,119,0,29,2,villa_1_mayo
91,33,26,0,84,6,53,7,villa_1_mayo
127,11,12,0,126,2,21,1,villa_1_mayo
124,12,14,0,124,4,22,0,villa_1_mayo
136,11,3,0,135,0,14,1,villa_1_mayo
118,11,21,0,118,2,30,0,villa_1_mayo
55,21,74,0,51,2,93,4,villa_1_mayo
134,14,2,0,133,1,15,1,villa_1_mayo
123,9,18,0,121,3,24,2,villa_1_mayo
114,15,21,0,113,2,34,1,villa_1_mayo
150,0,0,0,150,0,0,0,villa_1_mayo
127,9,14,0,126,1,22,1,villa_1_mayo
135,8,7,0,135,1,14,0,villa_1_mayo
150,0,0,0,150,0,0,0,villa_1_mayo
127,8,15,0,127,1,22,0,villa_1_mayo
0,3,147,0,0,0,150,0,villa_1_mayo
107,24,19,0,106,3,40,1,villa_1_mayo
119,12,19,0,116,0,31,3,villa_1_mayo
150,0,0,0,150,0,0,0,villa_1_mayo
119,12,19,0,119,0,31,0,villa_1_mayo
149,0,0,1,148,0,0,2,villa_1_mayo
135,11,4,0,133,2,13,2,villa_1_mayo
15,26,109,0,15,1,134,0,villa_1_mayo
133,11,6,0,131,2,15,2,villa_1_mayo
124,10,16,0,122,0,26,2,villa_1_mayo
136,9,5,0,135,0,14,1,villa_1_mayo
135,13,2,0,134,2,13,1,villa_1_mayo
136,10,4,0,136,3,11,0,villa_1_mayo
134,14,2,0,134,0,16,0,villa_1_mayo
0,2,148,0,0,1,149,0,villa_1_mayo
108,30,12,0,106,0,42,2,villa_1_mayo
131,8,11,0,130,1,18,1,villa_1_mayo
136,12,2,0,134,2,12,2,villa_1_mayo
134,14,2,0,131,0,16,3,villa_1_mayo
126,7,17,0,126,0,24,0,villa_1_mayo
45,81,24,0,43,15,90,2,villa_1_mayo
0,25,125,0,0,2,148,0,villa_1_mayo
135,12,3,0,134,2,13,1,villa_1_mayo
134,12,4,0,134,3,13,0,villa_1_mayo
121,9,20,0,121,2,27,0,villa_1_mayo
76,62,11,1,75,6,67,2,villa_1_mayo
136,12,2,0,136,1,13,0,villa_1_mayo
135,10,5,0,135,2,13,0,villa_1_mayo
133,14,3,0,133,2,15,0,villa_1_mayo
126,7,17,0,126,2,22,0,villa_1_mayo
134,13,3,0,134,0,16,0,villa_1_mayo
134,9,7,0,133,1,15,1,villa_1_mayo
119,9,22,0,119,2,29,0,villa_1_mayo
71,53,26,0,67,9,70,4,villa_1_mayo
150,0,0,0,150,0,0,0,villa_1_mayo
111,25,14,0,111,1,38,0,villa_1_mayo
133,11,5,1,133,0,16,1,villa_1_mayo
51,79,19,1,45,18,80,7,villa_1_mayo
126,5,19,0,126,0,24,0,villa_1_mayo
107,31,12,0,107,6,37,0,villa_1_mayo
65,20,65,0,63,3,82,2,villa_1_mayo
113,13,24,0,113,4,33,0,villa_1_mayo
78,44,28,0,78,10,62,0,villa_1_mayo
123,9,18,0,121,1,26,2,villa_1_mayo
90,33,27,0,88,4,56,2,villa_1_mayo
121,13,16,0,120,0,29,1,villa_1_mayo
135,14,1,0,133,0,15,2,villa_1_mayo
115,15,20,0,115,1,34,0,villa_1_mayo
40,24,86,0,36,6,104,4,villa_1_mayo
121,12,17,0,118,1,28,3,villa_1_mayo
20,68,61,1,15,12,117,6,villa_1_mayo
123,11,16,0,122,3,24,1,villa_1_mayo
36,39,73,2,25,7,105,13,villa_1_mayo
0,58,92,0,0,4,146,0,villa_1_mayo
58,29,63,0,57,4,88,1,villa_1_mayo
0,67,83,0,0,5,145,0,villa_1_mayo
129,10,11,0,128,2,19,1,villa_1_mayo
150,0,0,0,150,0,0,0,villa_1_mayo
134,14,2,0,134,2,14,0,villa_1_mayo
91,33,26,0,91,3,56,0,villa_1_mayo
40,24,86,0,34,1,109,6,villa_1_mayo
136,10,4,0,133,0,14,3,villa_1_mayo
87,32,30,1,82,8,54,6,villa_1_mayo
129,9,12,0,129,1,20,0,villa_1_mayo
88,41,21,0,88,1,61,0,villa_1_mayo
136,14,0,0,135,2,12,1,villa_1_mayo
135,13,2,0,134,1,14,1,villa_1_mayo
150,0,0,0,150,0,0,0,villa_1_mayo
121,10,19,0,119,0,29,2,villa_1_mayo
113,35,1,1,97,11,25,17,villa_1_mayo
113,15,22,0,110,3,34,3,villa_1_mayo
133,12,5,0,132,0,17,1,villa_1_mayo
124,9,17,0,123,3,23,1,villa_1_mayo
85,38,27,0,83,6,59,2,villa_1_mayo
87,28,35,0,84,2,61,3,villa_1_mayo
38,47,65,0,32,5,107,6,villa_1_mayo
126,8,16,0,126,3,21,0,villa_1_mayo
0,58,92,0,0,3,147,0,villa_1_mayo
123,10,17,0,121,0,27,2,villa_1_mayo
82,21,47,0,74,6,62,8,villa_1_mayo
150,0,0,0,150,0,0,0,villa_1_mayo
66,42,42,0,64,8,76,2,villa_1_mayo
135,9,6,0,135,2,13,0,villa_1_mayo
118,12,20,0,118,1,31,0,villa_1_mayo
137,9,4,0,137,3,10,0,villa_1_mayo
0,25,125,0,0,1,149,0,villa_1_mayo
123,10,17,0,123,2,25,0,villa_1_mayo
121,14,15,0,119,2,27,2,villa_1_mayo
129,7,13,1,129,2,18,1,villa_1_mayo
124,11,15,0,121,5,21,3,villa_1_mayo
73,38,39,0,69,5,72,4,villa_1_mayo
67,25,58,0,67,2,81,0,villa_1_mayo
150,0,0,0,150,0,0,0,villa_1_mayo
134,12,4,0,133,2,14,1,villa_1_mayo
98,22,30,0,94,3,49,4,villa_1_mayo
134,12,4,0,134,1,15,0,villa_1_mayo
130,6,14,0,128,0,20,2,villa_1_mayo
135,12,3,0,133,1,14,2,villa_1_mayo
40,62,48,0,33,14,96,7,villa_1_mayo
77,49,24,0,76,8,65,1,villa_1_mayo
127,11,12,0,126,2,21,1,villa_1_mayo
117,10,23,0,114,1,32,3,villa_1_mayo
63,44,43,0,62,4,83,1,villa_1_mayo
39,48,63,0,36,9,102,3,villa_1_mayo
130,6,14,0,130,1,19,0,villa_1_mayo
125,10,15,0,125,2,23,0,villa_1_mayo
119,8,23,0,118,0,31,1,villa_1_mayo
120,10,20,0,118,0,30,2,villa_1_mayo
103,23,24,0,101,1,46,2,villa_1_mayo
150,0,0,0,150,0,0,0,villa_1_mayo
119,9,22,0,116,0,31,3,villa_1_mayo
136,11,3,0,135,1,13,1,villa_1_mayo
131,9,10,0,131,2,17,0,villa_1_mayo
150,0,0,0,150,0,0,0,villa_1_mayo
134,15,1,0,132,3,13,2,villa_1_mayo
127,7,16,0,126,0,23,1,villa_1_mayo
150,0,0,0,150,0,0,0,villa_1_mayo
135,11,4,0,135,3,12,0,villa_1_mayo
125,5,20,0,123,2,23,2,villa_1_mayo
125,8,17,0,125,0,25,0,villa_1_mayo
113,26,11,0,112,1,36,1,villa_1_mayo
134,15,1,0,134,1,15,0,villa_1_mayo
106,26,18,0,105,2,42,1,villa_1_mayo
132,10,8,0,131,0,18,1,villa_1_mayo
127,11,12,0,127,0,23,0,villa_1_mayo
125,7,18,0,124,0,25,1,villa_1_mayo
130,7,13,0,128,0,20,2,villa_1_mayo
136,10,4,0,136,0,14,0,villa_1_mayo
135,14,1,0,135,1,14,0,villa_1_mayo
150,0,0,0,150,0,0,0,villa_1_mayo
136,10,4,0,135,0,14,1,villa_1_mayo
135,13,2,0,135,2,13,0,villa_1_mayo
20,27,103,0,19,4,126,1,villa_1_mayo
125,10,14,1,125,2,22,1,villa_1_mayo
65,58,27,0,61,4,81,4,villa_1_mayo
135,10,5,0,133,2,13,2,villa_1_mayo
82,43,25,0,76,6,62,6,villa_1_mayo
89,21,40,0,86,1,60,3,villa_1_mayo
30,26,94,0,29,3,117,1,villa_1_mayo
127,7,16,0,127,0,23,0,villa_1_mayo
135,12,3,0,135,0,15,0,villa_1_mayo
60,25,65,0,50,2,88,10,villa_1_mayo
135,11,4,0,134,0,15,1,villa_1_mayo
150,0,0,0,150,0,0,0,villa_1_mayo
115,24,11,0,114,1,34,1,villa_1_mayo
115,20,15,0,115,6,29,0,villa_1_mayo
80,19,51,0,79,4,66,1,villa_1_mayo
109,15,26,0,107,5,36,2,villa_1_mayo
150,0,0,0,150,0,0,0,villa_1_mayo
60,77,13,0,52,9,81,8,villa_1_mayo
40,29,81,0,39,4,106,1,villa_1_mayo
135,13,2,0,134,2,13,1,villa_1_mayo
136,6,8,0,135,0,14,1,villa_1_mayo
107,26,17,0,107,2,41,0,villa_1_mayo
124,14,12,0,122,4,22,2,villa_1_mayo
56,29,65,0,54,3,91,2,villa_1_mayo
135,13,2,0,133,1,14,2,villa_1_mayo
135,11,4,0,134,4,11,1,villa_1_mayo
115,18,17,0,112,3,32,3,villa_1_mayo
132,11,7,0,131,2,16,1,villa_1_mayo
89,48,13,0,85,2,59,4,villa_1_mayo
128,9,13,0,127,1,21,1,villa_1_mayo
119,15,16,0,115,3,28,4,villa_1_mayo
122,7,21,0,121,0,28,1,villa_1_mayo
134,15,1,0,132,0,16,2,villa_1_mayo
135,11,4,0,133,0,15,2,villa_1_mayo
80,19,51,0,78,1,69,2,villa_1_mayo
116,10,24,0,116,1,33,0,villa_1_mayo
119,8,23,0,119,2,29,0,villa_1_mayo
0,102,48,0,0,8,142,0,villa_1_mayo
150,0,0,0,150,0,0,0,villa_1_mayo
119,12,19,0,116,1,30,3,villa_1_mayo
126,7,17,0,126,1,23,0,villa_1_mayo
134,13,3,0,133,1,15,1,villa_1_mayo
118,15,17,0,117,3,29,1,villa_1_mayo
64,35,51,0,64,1,85,0,villa_1_mayo
126,9,15,0,126,0,24,0,villa_1_mayo
150,0,0,0,150,0,0,0,villa_1_mayo
134,13,3,0,133,2,14,1,villa_1_mayo
58,26,66,0,54,1,91,4,villa_1_mayo
83,34,33,0,78,3,64,5,villa_1_mayo
139,11,0,0,138,2,9,1,villa_1_mayo
80,38,32,0,78,2,68,2,villa_1_mayo
5,31,114,0,5,5,140,0,villa_1_mayo
100,33,17,0,94,7,43,6,villa_1_mayo
124,10,16,0,124,1,25,0,villa_1_mayo
128,11,11,0,128,0,22,0,villa_1_mayo
127,6,17,0,125,0,23,2,villa_1_mayo
134,12,4,0,132,0,16,2,villa_1_mayo
150,0,0,0,150,0,0,0,villa_1_mayo
134,15,1,0,133,4,12,1,villa_1_mayo
150,0,0,0,150,0,0,0,villa_1_mayo
135,10,5,0,134,0,15,1,villa_1_mayo
40,26,84,0,37,3,107,3,villa_1_mayo
136,12,2,0,135,2,12,1,villa_1_mayo
135,11,4,0,135,2,13,0,villa_1_mayo
83,48,19,0,74,7,60,9,villa_1_mayo
122,10,18,0,122,1,27,0,villa_1_mayo
127,7,16,0,127,0,23,0,villa_1_mayo
124,10,16,0,124,5,21,0,villa_1_mayo
125,9,16,0,124,1,24,1,villa_1_mayo
10,39,101,0,8,2,138,2,villa_1_mayo
135,13,2,0,133,1,14,2,villa_1_mayo
49,32,69,0,49,3,98,0,villa_1_mayo
114,10,26,0,114,2,34,0,villa_1_mayo
92,47,9,2,91,4,52,3,villa_1_mayo
134,14,2,0,133,2,14,1,villa_1_mayo
150,0,0,0,148,0,0,2,villa_1_mayo
102,25,23,0,102,6,42,0,villa_1_mayo
101,25,24,0,100,3,46,1,villa_1_mayo
17,35,97,1,14,4,128,4,villa_1_mayo
124,9,17,0,122,0,26,2,villa_1_mayo
136,10,4,0,135,1,13,1,villa_1_mayo
113,11,26,0,112,0,37,1,villa_1_mayo
120,10,19,1,119,2,27,2,villa_1_mayo
135,8,7,0,132,0,15,3,villa_1_mayo
134,4,12,0,132,0,16,2,villa_1_mayo
136,10,4,0,136,2,12,0,villa_1_mayo
56,17,77,0,56,1,93,0,villa_1_mayo
120,11,19,0,119,0,30,1,villa_1_mayo
133,15,2,0,132,1,16,1,villa_1_mayo
93,19,38,0,93,5,52,0,villa_1_mayo
135,11,4,0,135,3,12,0,villa_1_mayo
94,27,28,1,92,6,49,3,villa_1_mayo
135,11,4,0,135,2,13,0,villa_1_mayo
135,9,6,0,135,1,14,0,villa_1_mayo
124,9,17,0,124,2,24,0,villa_1_mayo
129,5,16,0,127,0,21,2,villa_1_mayo
133,12,5,0,133,4,13,0,villa_1_mayo
133,6,11,0,130,0,17,3,villa_1_mayo
77,34,36,3,76,3,67,4,villa_1_mayo
117,10,23,0,117,3,30,0,villa_1_mayo
118,8,24,0,118,1,31,0,villa_1_mayo
134,14,2,0,134,1,15,0,villa_1_mayo
33,42,75,0,28,4,113,5,villa_1_mayo
150,0,0,0,150,0,0,0,villa_1_mayo
120,8,22,0,120,0,30,0,villa_1_mayo
122,15,13,0,119,2,26,3,villa_1_mayo
135,14,1,0,135,1,14,0,villa_1_mayo
128,7,15,0,126,0,22,2,villa_1_mayo
123,7,20,0,123,0,27,0,villa_1_mayo
127,8,15,0,125,0,23,2,villa_1_mayo
24,43,83,0,23,7,119,1,villa_1_mayo
113,29,8,0,109,3,34,4,villa_1_mayo
71,13,66,0,68,1,78,3,villa_1_mayo
128,6,16,0,125,1,21,3,villa_1_mayo
135,10,5,0,133,0,15,2,villa_1_mayo
136,12,2,0,134,3,11,2,villa_1_mayo
150,0,0,0,142,0,0,8,villa_1_mayo
150,0,0,0,150,0,0,0,villa_1_mayo
120,11,19,0,118,0,30,2,villa_1_mayo
52,31,67,0,50,5,93,2,villa_1_mayo
136,8,6,0,136,2,12,0,villa_1_mayo
44,17,89,0,39,0,106,5,villa_1_mayo
129,10,11,0,129,4,17,0,villa_1_mayo
57,27,66,0,55,8,85,2,villa_1_mayo
134,16,0,0,134,1,15,0,villa_1_mayo
13,35,102,0,13,7,130,0,villa_1_mayo
150,0,0,0,148,0,0,2,villa_1_mayo
128,7,15,0,127,2,20,1,villa_1_mayo
135,7,8,0,134,1,14,1,villa_1_mayo
135,12,3,0,134,0,15,1,villa_1_mayo
136,11,3,0,134,0,14,2,villa_1_mayo
59,47,44,0,57,5,86,2,villa_1_mayo
12,12,126,0,12,1,137,0,villa_1_mayo
136,12,2,0,136,3,11,0,villa_1_mayo
136,11,3,0,136,2,12,0,villa_1_mayo
50,21,79,0,49,1,99,1,villa_1_mayo
135,13,2,0,135,2,13,0,villa_1_mayo
150,0,0,0,150,0,0,0,villa_1_mayo
94,23,33,0,93,3,53,1,villa_1_mayo
106,24,20,0,104,3,41,2,villa_1_mayo
35,35,79,1,33,4,110,3,villa_1_mayo
126,7,17,0,126,0,24,0,villa_1_mayo
135,11,4,0,134,1,14,1,villa_1_mayo
132,5,13,0,131,0,18,1,villa_1_mayo
134,10,6,0,133,0,16,1,villa_1_mayo
150,0,0,0,150,0,0,0,villa_1_mayo
30,40,80,0,28,13,107,2,villa_1_mayo
124,10,16,0,122,1,25,2,villa_1_mayo
128,7,15,0,128,1,21,0,villa_1_mayo
12,22,116,0,8,3,135,4,villa_1_mayo
135,11,4,0,135,3,12,0,villa_1_mayo
29,57,64,0,24,6,115,5,villa_1_mayo
136,12,2,0,135,0,14,1,villa_1_mayo
125,9,16,0,125,1,24,0,villa_1_mayo
115,16,19,0,115,3,32,0,villa_1_mayo
121,7,22,0,120,0,29,1,villa_1_mayo
124,10,15,1,124,2,23,1,villa_1_mayo
33,93,24,0,30,3,114,3,villa_1_mayo
125,6,19,0,124,2,23,1,villa_1_mayo
124,10,16,0,123,0,26,1,villa_1_mayo
26,21,103,0,26,5,119,0,villa_1_mayo
119,15,16,0,117,1,30,2,villa_1_mayo
131,19,0,0,131,0,19,0,villa_1_mayo
131,7,12,0,131,1,18,0,villa_1_mayo
97,31,22,0,97,2,51,0,villa_1_mayo
43,51,56,0,39,5,102,4,villa_1_mayo
135,11,4,0,135,1,14,0,villa_1_mayo
127,7,16,0,126,0,23,1,villa_1_mayo
127,7,16,0,127,2,21,0,villa_1_mayo
125,12,12,1,124,1,23,2,villa_1_mayo
130,7,13,0,128,1,19,2,villa_1_mayo
84,27,39,0,79,1,65,5,villa_1_mayo
67,26,57,0,63,1,82,4,villa_1_mayo
136,11,3,0,136,2,12,0,villa_1_mayo
0,7,143,0,0,0,150,0,villa_1_mayo
117,13,20,0,116,1,32,1,villa_1_mayo
0,21,129,0,0,1,149,0,villa_1_mayo
120,9,21,0,119,1,29,1,villa_1_mayo
60,41,48,1,53,3,86,8,villa_1_mayo
127,5,18,0,125,0,23,2,villa_1_mayo
121,11,18,0,121,3,26,0,villa_1_mayo
133,10,7,0,133,2,15,0,villa_1_mayo
135,11,4,0,135,2,13,0,villa_1_mayo
26,44,80,0,26,3,121,0,villa_1_mayo
123,8,18,1,121,0,26,3,villa_1_mayo
123,10,17,0,123,2,25,0,villa_1_mayo
40,38,72,0,39,4,106,1,villa_1_mayo
2,94,54,0,2,12,136,0,villa_1_mayo
134,11,5,0,133,0,16,1,villa_1_mayo
134,10,6,0,133,1,15,1,villa_1_mayo
148,0,0,2,142,0,0,8,villa_1_mayo
66,56,28,0,62,8,76,4,villa_1_mayo
127,9,14,0,127,2,21,0,villa_1_mayo
36,20,94,0,30,2,112,6,villa_1_mayo
124,12,14,0,123,3,23,1,villa_1_mayo
126,9,15,0,125,1,23,1,villa_1_mayo
125,8,17,0,125,1,24,0,villa_1_mayo
135,12,3,0,135,2,13,0,villa_1_mayo
125,7,17,1,124,1,23,2,villa_1_mayo
150,0,0,0,149,0,0,1,villa_1_mayo
126,12,12,0,126,2,22,0,villa_1_mayo
111,39,0,0,106,11,28,5,villa_1_mayo
46,31,73,0,44,5,99,2,villa_1_mayo
113,17,20,0,112,2,35,1,villa_1_mayo
127,10,13,0,127,2,21,0,villa_1_mayo
134,15,1,0,132,1,15,2,villa_1_mayo
78,45,27,0,77,3,69,1,villa_1_mayo
135,11,4,0,132,1,14,3,villa_1_mayo
135,9,6,0,133,0,15,2,villa_1_mayo
65,24,61,0,64,4,81,1,villa_1_mayo
63,40,47,0,61,9,78,2,villa_1_mayo
121,10,19,0,119,1,28,2,villa_1_mayo
77,23,50,0,75,5,68,2,villa_1_mayo
136,10,4,0,136,0,14,0,villa_1_mayo
32,46,72,0,30,3,115,2,villa_1_mayo
135,13,2,0,135,4,11,0,villa_1_mayo
0,11,139,0,0,1,149,0,villa_1_mayo
150,0,0,0,150,0,0,0,villa_1_mayo
128,7,14,1,127,3,18,2,villa_1_mayo
135,11,4,0,134,1,14,1,villa_1_mayo
121,9,20,0,120,2,27,1,villa_1_mayo
125,8,17,0,125,2,23,0,villa_1_mayo
149,0,0,1,149,0,0,1,villa_1_mayo
96,30,24,0,94,3,51,2,villa_1_mayo
150,0,0,0,150,0,0,0,villa_1_mayo
123,9,18,0,121,1,26,2,villa_1_mayo
125,9,15,1,124,0,24,2,villa_1_mayo
106,28,16,0,99,5,39,7,villa_1_mayo
0,25,125,0,0,0,150,0,villa_1_mayo
150,0,0,0,150,0,0,0,villa_1_mayo
137,13,0,0,137,1,12,0,villa_1_mayo
135,15,0,0,133,0,15,2,villa_1_mayo
129,21,0,0,127,8,13,2,villa_1_mayo
115,20,15,0,108,3,32,7,villa_1_mayo
125,8,17,0,125,1,24,0,villa_1_mayo
128,11,11,0,128,3,19,0,villa_1_mayo
134,12,4,0,134,0,16,0,villa_1_mayo
135,11,4,0,134,1,14,1,villa_1_mayo
69,54,26,1,65,14,66,5,villa_1_mayo
0,12,138,0,0,3,147,0,villa_1_mayo
135,12,3,0,135,4,11,0,villa_1_mayo
126,8,16,0,124,0,24,2,villa_1_mayo
136,11,3,0,136,1,13,0,villa_1_mayo
150,0,0,0,150,0,0,0,villa_1_mayo
129,6,15,0,129,0,21,0,villa_1_mayo
104,23,23,0,98,2,44,6,villa_1_mayo
136,9,5,0,136,3,11,0,villa_1_mayo
0,7,143,0,0,2,148,0,villa_1_mayo
135,12,3,0,132,0,15,3,villa_1_mayo
133,15,2,0,132,1,16,1,villa_1_mayo
81,56,13,0,77,7,62,4,villa_1_mayo
135,14,1,0,135,1,14,0,villa_1_mayo
118,14,18,0,118,5,27,0,villa_1_mayo
128,5,17,0,128,2,20,0,villa_1_mayo
132,6,12,0,131,1,17,1,villa_1_mayo
84,11,55,0,83,4,62,1,villa_1_mayo
125,7,18,0,124,2,23,1,villa_1_mayo
91,45,14,0,86,8,51,5,villa_1_mayo
150,0,0,0,150,0,0,0,villa_1_mayo
134,10,6,0,133,0,16,1,villa_1_mayo
39,38,73,0,37,8,103,2,villa_1_mayo
127,8,15,0,127,2,21,0,villa_1_mayo
136,11,3,0,136,2,12,0,villa_1_mayo
136,14,0,0,136,4,10,0,villa_1_mayo
150,0,0,0,132,0,0,18,villa_1_mayo
135,13,2,0,132,1,14,3,villa_1_mayo
150,0,0,0,149,0,0,1,villa_1_mayo
134,9,7,0,134,0,16,0,villa_1_mayo
134,12,4,0,132,0,16,2,villa_1_mayo
150,0,0,0,149,0,0,1,villa_1_mayo
63,13,73,1,63,2,84,1,villa_1_mayo
134,14,2,0,134,2,14,0,villa_1_mayo
135,11,4,0,131,0,15,4,villa_1_mayo
134,15,1,0,133,2,14,1,villa_1_mayo
135,9,6,0,134,1,14,1,villa_1_mayo
134,11,5,0,132,1,15,2,villa_1_mayo
118,13,19,0,117,3,29,1,villa_1_mayo
117,25,8,0,116,3,30,1,villa_1_mayo
0,35,115,0,0,7,143,0,villa_1_mayo
124,10,16,0,124,1,25,0,villa_1_mayo
136,10,4,0,134,0,14,2,villa_1_mayo
128,8,14,0,125,0,22,3,villa_1_mayo
125,8,16,1,125,1,23,1,villa_1_mayo
122,11,17,0,119,1,27,3,villa_1_mayo
121,12,17,0,121,4,25,0,villa_1_mayo
135,14,1,0,135,2,13,0,villa_1_mayo
111,27,12,0,102,2,37,9,villa_1_mayo
115,16,19,0,113,0,35,2,villa_1_mayo
134,12,4,0,134,2,14,0,villa_1_mayo
118,14,18,0,117,2,30,1,villa_1_mayo
67,20,63,0,65,0,83,2,villa_1_mayo
130,6,14,0,129,1,19,1,villa_1_mayo
135,9,6,0,135,0,15,0,villa_1_mayo
135,11,4,0,135,2,13,0,villa_1_mayo
109,33,7,1,107,1,39,3,villa_1_mayo
130,7,13,0,128,1,19,2,villa_1_mayo
134,12,4,0,132,2,14,2,villa_1_mayo
134,13,3,0,131,1,15,3,villa_1_mayo
75,45,30,0,71,5,70,4,villa_1_mayo
134,11,5,0,133,1,15,1,villa_1_mayo
135,13,2,0,135,1,14,0,villa_1_mayo
134,7,9,0,134,0,16,0,villa_1_mayo
136,11,3,0,135,2,12,1,villa_1_mayo
101,29,19,1,97,12,36,5,villa_1_mayo
50,40,60,0,42,8,92,8,villa_1_mayo
135,13,2,0,135,3,12,0,villa_1_mayo
135,10,5,0,135,2,13,0,villa_1_mayo
129,11,10,0,128,0,21,1,villa_1_mayo
20,64,66,0,11,6,124,9,villa_1_mayo
0,7,143,0,0,0,150,0,villa_1_mayo
150,0,0,0,150,0,0,0,villa_1_mayo
115,12,23,0,114,0,35,1,villa_1_mayo
0,11,139,0,0,3,147,0,villa_1_mayo
105,14,31,0,105,0,45,0,villa_1_mayo
132,16,2,0,127,0,18,5,villa_1_mayo
125,11,13,1,123,1,23,3,villa_1_mayo
131,7,12,0,131,2,17,0,villa_1_mayo
135,13,2,0,133,2,13,2,villa_1_mayo
135,14,1,0,134,1,14,1,villa_1_mayo
117,14,19,0,114,1,32,3,villa_1_mayo
11,23,116,0,8,1,138,3,villa_1_mayo
121,9,20,0,118,1,28,3,villa_1_mayo
42,44,64,0,36,12,96,6,villa_1_mayo
150,0,0,0,150,0,0,0,villa_1_mayo
125,6,19,0,124,1,24,1,villa_1_mayo
135,9,6,0,134,2,13,1,villa_1_mayo
88,26,36,0,87,4,58,1,villa_1_mayo
115,8,27,0,115,0,35,0,villa_1_mayo
126,8,16,0,124,1,23,2,villa_1_mayo
115,13,22,0,115,4,31,0,villa_1_mayo
25,62,63,0,20,11,114,5,villa_1_mayo
135,15,0,0,135,3,12,0,villa_1_mayo
66,30,54,0,65,4,80,1,villa_1_mayo
74,26,50,0,73,9,67,1,villa_1_mayo
125,8,17,0,125,0,25,0,villa_1_mayo
133,10,7,0,132,0,17,1,villa_1_mayo
128,6,16,0,125,0,22,3,villa_1_mayo
134,15,1,0,134,1,15,0,villa_1_mayo
63,24,63,0,63,5,82,0,villa_1_mayo
29,20,101,0,28,1,120,1,villa_1_mayo
125,12,13,0,124,0,25,1,villa_1_mayo
150,0,0,0,148,0,0,2,villa_1_mayo
11,17,122,0,11,2,137,0,villa_1_mayo
134,12,4,0,132,1,15,2,villa_1_mayo
119,17,14,0,116,4,27,3,villa_1_mayo
134,13,2,1,133,1,14,2,villa_1_mayo
150,0,0,0,147,0,0,3,villa_1_mayo
112,13,25,0,110,2,36,2,villa_1_mayo
114,23,13,0,111,4,32,3,villa_1_mayo
135,13,2,0,134,3,12,1,villa_1_mayo
46,57,47,0,41,18,86,5,villa_1_mayo
135,12,3,0,131,2,13,4,villa_1_mayo
134,12,4,0,134,0,16,0,villa_1_mayo
134,16,0,0,134,2,14,0,villa_1_mayo
127,9,14,0,127,1,22,0,villa_1_mayo
150,0,0,0,150,0,0,0,villa_1_mayo
135,12,3,0,134,0,15,1,villa_1_mayo
150,0,0,0,150,0,0,0,villa_1_mayo
135,10,5,0,134,2,13,1,villa_1_mayo
134,10,6,0,133,3,13,1,villa_1_mayo
133,6,11,0,133,1,16,0,villa_1_mayo
84,19,47,0,83,1,65,1,villa_1_mayo
135,12,3,0,133,0,15,2,villa_1_mayo
89,25,36,0,87,1,60,2,villa_1_mayo
115,14,21,0,112,1,34,3,villa_1_mayo
150,0,0,0,148,0,0,2,villa_1_mayo
71,37,42,0,59,5,74,12,villa_1_mayo
123,7,19,1,121,0,26,3,villa_1_mayo
116,10,24,0,115,2,32,1,villa_1_mayo
128,11,11,0,126,1,21,2,villa_1_mayo
135,7,8,0,135,1,14,0,villa_1_mayo
150,0,0,0,149,0,0,1,villa_1_mayo
60,31,59,0,58,2,88,2,villa_1_mayo
135,10,5,0,135,2,13,0,villa_1_mayo
136,12,2,0,135,1,13,1,villa_1_mayo
135,12,3,0,134,0,15,1,villa_1_mayo
135,10,5,0,133,0,15,2,villa_1_mayo
135,13,2,0,135,0,15,0,villa_1_mayo
122,11,17,0,119,1,27,3,villa_1_mayo
33,20,97,0,33,4,113,0,villa_1_mayo
123,11,16,0,123,1,26,0,villa_1_mayo
55,18,77,0,54,4,91,1,villa_1_mayo
125,14,11,0,125,1,24,0,villa_1_mayo
130,8,12,0,130,1,19,0,villa_1_mayo
135,11,4,0,135,3,12,0,villa_1_mayo
127,9,14,0,126,2,21,1,villa_1_mayo
136,8,6,0,135,2,12,1,villa_1_mayo
117,12,21,0,117,0,33,0,villa_1_mayo
134,11,5,0,133,0,16,1,villa_1_mayo
54,32,63,1,44,1,94,11,villa_1_mayo
120,10,20,0,119,0,30,1,villa_1_mayo
41,28,81,0,41,5,104,0,villa_1_mayo
127,8,15,0,126,0,23,1,villa_1_mayo
150,0,0,0,144,0,0,6,villa_1_mayo
135,9,6,0,133,0,15,2,villa_1_mayo
117,17,16,0,117,0,33,0,villa_1_mayo
119,9,22,0,116,0,31,3,villa_1_mayo
125,8,17,0,125,1,24,0,villa_1_mayo
135,11,4,0,135,1,14,0,villa_1_mayo
122,12,16,0,120,2,26,2,villa_1_mayo
150,0,0,0,150,0,0,0,villa_1_mayo
149,0,0,1,134,0,0,16,villa_1_mayo
150,0,0,0,149,0,0,1,villa_1_mayo
107,15,28,0,104,0,43,3,villa_1_mayo
137,9,4,0,134,0,13,3,villa_1_mayo
127,5,18,0,127,2,21,0,villa_1_mayo
136,14,0,0,136,2,12,0,villa_1_mayo
64,60,25,1,62,8,77,3,villa_1_mayo
15,37,98,0,14,2,133,1,villa_1_mayo
45,18,87,0,43,3,102,2,villa_1_mayo
125,6,19,0,125,1,24,0,villa_1_mayo
124,7,19,0,123,0,26,1,villa_1_mayo
96,35,19,0,90,7,47,6,villa_1_mayo
124,6,20,0,122,0,26,2,villa_1_mayo
149,0,0,1,148,0,0,2,villa_1_mayo
23,18,109,0,23,4,123,0,villa_1_mayo
135,8,7,0,135,0,15,0,villa_1_mayo
98,45,7,0,78,6,46,20,villa_1_mayo
120,10,20,0,116,0,30,4,villa_1_mayo
61,44,45,0,58,8,81,3,villa_1_mayo
136,12,2,0,133,0,14,3,villa_1_mayo
0,19,131,0,0,1,149,0,villa_1_mayo
121,9,20,0,121,3,26,0,villa_1_mayo
150,0,0,0,150,0,0,0,villa_1_mayo
150,0,0,0,148,0,0,2,villa_1_mayo
150,0,0,0,143,0,0,7,villa_1_mayo
104,17,29,0,100,4,42,4,villa_1_mayo
135,10,4,1,135,0,14,1,villa_1_mayo
74,35,41,0,72,1,75,2,villa_1_mayo
26,55,69,0,18,7,117,8,villa_1_mayo
133,15,2,0,133,1,16,0,villa_1_mayo
150,0,0,0,150,0,0,0,villa_1_mayo
127,10,13,0,125,1,22,2,villa_1_mayo
129,11,9,1,128,3,17,2,villa_1_mayo
127,8,15,0,127,1,22,0,villa_1_mayo
41,45,64,0,39,10,99,2,villa_1_mayo
135,12,3,0,133,1,14,2,villa_1_mayo
133,15,2,0,132,2,15,1,villa_1_mayo
133,11,4,2,133,1,14,2,villa_1_mayo
126,6,18,0,126,1,23,0,villa_1_mayo
133,13,4,0,132,3,14,1,villa_1_mayo
124,10,16,0,124,0,26,0,villa_1_mayo
66,25,58,1,57,5,78,10,villa_1_mayo
134,12,4,0,134,1,15,0,villa_1_mayo
71,23,56,0,71,7,72,0,villa_1_mayo
120,11,19,0,118,1,29,2,villa_1_mayo
130,8,12,0,130,1,19,0,villa_1_mayo
150,0,0,0,150,0,0,0,villa_1_mayo
150,0,0,0,150,0,0,0,villa_1_mayo
86,41,23,0,85,7,57,1,villa_1_mayo
127,5,18,0,125,1,22,2,villa_1_mayo
122,7,21,0,121,0,28,1,villa_1_mayo
135,10,5,0,135,2,13,0,villa_1_mayo
122,10,18,0,120,0,28,2,villa_1_mayo
19,10,121,0,16,2,129,3,villa_1_mayo
62,38,50,0,58,13,75,4,villa_1_mayo
31,16,103,0,30,3,116,1,villa_1_mayo
128,8,13,1,128,0,21,1,villa_1_mayo
122,12,16,0,120,0,28,2,villa_1_mayo
120,8,22,0,120,0,30,0,villa_1_mayo
134,10,6,0,134,1,15,0,villa_1_mayo
133,12,4,1,133,1,15,1,villa_1_mayo
130,7,13,0,127,2,18,3,villa_1_mayo
34,31,85,0,33,2,114,1,villa_1_mayo
123,10,17,0,123,1,26,0,villa_1_mayo
133,5,11,1,128,0,16,6,villa_1_mayo
135,10,5,0,135,3,12,0,villa_1_mayo
127,4,19,0,127,0,23,0,villa_1_mayo
124,10,16,0,120,1,25,4,villa_1_mayo
150,0,0,0,150,0,0,0,villa_1_mayo
86,26,37,1,79,2,61,8,villa_1_mayo
40,18,92,0,39,6,104,1,villa_1_mayo
0,14,136,0,0,0,150,0,villa_1_mayo
28,32,90,0,26,2,120,2,villa_1_mayo
136,11,3,0,136,1,13,0,villa_1_mayo
134,11,5,0,134,1,15,0,villa_1_mayo
136,8,6,0,136,1,13,0,villa_1_mayo
83,28,39,0,79,4,63,4,villa_1_mayo
149,0,0,1,143,0,0,7,villa_1_mayo
45,79,26,0,42,13,92,3,villa_1_mayo
119,13,18,0,119,2,29,0,villa_1_mayo
136,11,3,0,135,1,13,1,villa_1_mayo
106,29,15,0,103,3,41,3,villa_1_mayo
137,8,5,0,137,3,10,0,villa_1_mayo
127,11,12,0,125,2,21,2,villa_1_mayo
130,11,9,0,127,0,20,3,villa_1_mayo
128,8,14,0,127,1,21,1,villa_1_mayo
136,14,0,0,133,1,13,3,villa_1_mayo
119,17,14,0,119,2,29,0,villa_1_mayo
126,7,17,0,126,0,24,0,villa_1_mayo
135,7,8,0,134,0,15,1,villa_1_mayo
118,9,23,0,118,3,29,0,villa_1_mayo
108,16,26,0,106,3,39,2,villa_1_mayo
135,12,3,0,134,2,13,1,villa_1_mayo
135,12,3,0,135,4,11,0,villa_1_mayo
136,8,6,0,135,1,13,1,villa_1_mayo
120,12,18,0,120,4,26,0,villa_1_mayo
134,9,7,0,133,3,13,1,villa_1_mayo
119,9,22,0,119,0,31,0,villa_1_mayo
72,42,35,1,70,3,74,3,villa_1_mayo
128,6,16,0,128,2,20,0,villa_1_mayo
119,14,17,0,118,5,26,1,villa_1_mayo
95,25,30,0,90,2,53,5,villa_1_mayo
127,8,15,0,126,1,22,1,villa_1_mayo
127,9,14,0,127,2,21,0,villa_1_mayo
131,13,6,0,131,3,16,0,villa_1_mayo
119,13,18,0,119,1,30,0,villa_1_mayo
127,7,16,0,127,2,21,0,villa_1_mayo
65,21,64,0,60,0,85,5,villa_1_mayo
150,0,0,0,150,0,0,0,villa_1_mayo
35,70,45,0,28,3,112,7,villa_1_mayo
133,16,1,0,131,0,17,2,villa_1_mayo
131,7,12,0,127,0,19,4,villa_1_mayo
130,10,10,0,130,1,19,0,villa_1_mayo
122,9,19,0,122,0,28,0,villa_1_mayo
136,8,6,0,133,0,14,3,villa_1_mayo
150,0,0,0,150,0,0,0,villa_1_mayo
119,27,0,4,106,9,18,17,villa_1_mayo
57,43,50,0,52,7,86,5,villa_1_mayo
129,7,14,0,128,0,21,1,villa_1_mayo
126,9,15,0,123,2,22,3,villa_1_mayo
125,9,16,0,125,2,23,0,villa_1_mayo
120,8,22,0,118,2,28,2,villa_1_mayo
125,8,17,0,124,0,25,1,villa_1_mayo
105,21,24,0,103,3,42,2,villa_1_mayo
137,9,4,0,133,0,13,4,villa_1_mayo
125,7,18,0,122,0,25,3,villa_1_mayo
47,32,71,0,44,3,100,3,villa_1_mayo
135,12,3,0,135,3,12,0,villa_1_mayo
136,8,6,0,136,4,10,0,villa_1_mayo
63,21,66,0,62,3,84,1,villa_1_mayo
68,24,58,0,63,4,78,5,villa_1_mayo
69,26,55,0,67,3,78,2,villa_1_mayo
139,11,0,0,137,1,10,2,villa_1_mayo
126,11,13,0,126,3,21,0,villa_1_mayo
118,10,22,0,116,1,31,2,villa_1_mayo
58,15,77,0,55,1,91,3,villa_1_mayo
60,43,47,0,55,8,82,5,villa_1_mayo
135,9,6,0,135,0,15,0,villa_1_mayo
124,9,17,0,124,2,24,0,villa_1_mayo
128,9,13,0,126,3,19,2,villa_1_mayo
122,11,17,0,122,1,27,0,villa_1_mayo
130,7,13,0,129,2,18,1,villa_1_mayo
134,15,1,0,133,2,14,1,villa_1_mayo
85,38,27,0,84,6,59,1,villa_1_mayo
118,11,21,0,116,0,32,2,villa_1_mayo
77,18,55,0,75,0,73,2,villa_1_mayo
0,26,124,0,0,2,148,0,villa_1_mayo
120,14,16,0,120,1,29,0,villa_1_mayo
0,3,147,0,0,0,150,0,villa_1_mayo
131,7,12,0,129,0,19,2,villa_1_mayo
46,48,56,0,42,5,99,4,villa_1_mayo
129,7,14,0,128,1,20,1,villa_1_mayo
137,10,3,0,137,4,9,0,villa_1_mayo
136,12,2,0,134,1,13,2,villa_1_mayo
150,0,0,0,150,0,0,0,villa_1_mayo
150,0,0,0,150,0,0,0,villa_1_mayo
29,36,84,1,28,5,115,2,villa_1_mayo
150,0,0,0,150,0,0,0,villa_1_mayo
114,16,20,0,112,1,35,2,villa_1_mayo
134,14,2,0,133,0,16,1,villa_1_mayo
136,9,5,0,135,0,14,1,villa_1_mayo
123,9,18,0,121,0,27,2,villa_1_mayo
123,7,20,0,123,3,24,0,villa_1_mayo
11,20,119,0,11,0,139,0,villa_1_mayo
133,14,3,0,133,0,17,0,villa_1_mayo
133,13,4,0,132,3,14,1,villa_1_mayo
56,27,67,0,53,5,89,3,villa_1_mayo
127,6,17,0,127,1,22,0,villa_1_mayo
128,9,13,0,127,0,22,1,villa_1_mayo
0,62,88,0,0,6,144,0,villa_1_mayo
134,13,3,0,133,0,16,1,villa_1_mayo
136,10,4,0,134,1,13,2,villa_1_mayo
56,20,74,0,51,0,94,5,villa_1_mayo
109,26,15,0,103,3,38,6,villa_1_mayo
133,14,3,0,128,2,15,5,villa_1_mayo
49,48,53,0,46,8,93,3,villa_1_mayo
134,15,1,0,134,3,13,0,villa_1_mayo
38,50,62,0,33,2,110,5,villa_1_mayo
39,52,59,0,35,3,108,4,villa_1_mayo
126,9,15,0,125,1,23,1,villa_1_mayo
135,13,2,0,133,0,15,2,villa_1_mayo
150,0,0,0,142,0,0,8,villa_1_mayo
34,39,76,1,28,9,106,7,villa_1_mayo
93,14,43,0,91,3,54,2,villa_1_mayo
121,12,17,0,119,0,29,2,villa_1_mayo
87,24,39,0,84,2,61,3,villa_1_mayo
36,25,89,0,36,3,111,0,villa_1_mayo
121,10,19,0,119,0,29,2,villa_1_mayo
40,21,89,0,39,9,101,1,villa_1_mayo
91,31,28,0,86,7,52,5,villa_1_mayo
132,13,5,0,130,1,17,2,villa_1_mayo
127,7,16,0,127,1,22,0,villa_1_mayo
135,11,4,0,134,0,15,1,villa_1_mayo
135,14,1,0,135,1,14,0,villa_1_mayo
4,26,120,0,3,4,142,1,villa_1_mayo
133,14,3,0,132,0,17,1,villa_1_mayo
134,14,1,1,133,0,15,2,villa_1_mayo
129,5,16,0,129,0,21,0,villa_1_mayo
133,14,3,0,132,0,17,1,villa_1_mayo
111,15,24,0,111,0,39,0,villa_1_mayo
118,10,22,0,114,2,30,4,villa_1_mayo
150,0,0,0,150,0,0,0,villa_1_mayo
135,12,3,0,135,1,14,0,villa_1_mayo
0,8,142,0,0,3,147,0,villa_1_mayo
135,14,1,0,135,1,14,0,villa_1_mayo
4,24,122,0,3,2,144,1,villa_1_mayo
105,16,29,0,101,2,43,4,villa_1_mayo
134,10,6,0,134,1,15,0,villa_1_mayo
122,8,20,0,119,0,28,3,villa_1_mayo
134,13,3,0,132,2,14,2,villa_1_mayo
150,0,0,0,150,0,0,0,villa_1_mayo
14,95,41,0,13,16,120,1,villa_1_mayo
131,8,11,0,130,2,17,1,villa_1_mayo
128,7,15,0,128,2,20,0,villa_1_mayo
26,19,105,0,21,3,121,5,villa_1_mayo
114,24,12,0,113,5,31,1,villa_1_mayo
126,8,16,0,126,1,23,0,villa_1_mayo
124,9,17,0,123,0,26,1,villa_1_mayo
125,7,18,0,124,0,25,1,villa_1_mayo
73,35,41,1,72,5,71,2,villa_1_mayo
134,10,5,1,133,0,15,2,villa_1_mayo
128,5,17,0,127,1,21,1,villa_1_mayo
150,0,0,0,150,0,0,0,villa_1_mayo
150,0,0,0,149,0,0,1,villa_1_mayo
117,12,21,0,117,2,31,0,villa_1_mayo
107,23,20,0,103,1,42,4,villa_1_mayo
115,11,24,0,115,2,33,0,villa_1_mayo
0,14,136,0,0,0,150,0,villa_1_mayo
134,13,3,0,133,2,14,1,villa_1_mayo
118,11,21,0,117,0,32,1,villa_1_mayo
135,12,3,0,135,2,13,0,villa_1_mayo
61,22,66,1,57,2,86,5,villa_1_mayo
135,9,6,0,135,1,14,0,villa_1_mayo
135,13,2,0,133,2,13,2,villa_1_mayo
135,11,4,0,134,0,15,1,villa_1_mayo
84,42,24,0,81,3,63,3,villa_1_mayo
134,9,7,0,132,1,15,2,villa_1_mayo
135,13,2,0,133,1,14,2,villa_1_mayo
137,12,1,0,137,1,12,0,villa_1_mayo
136,6,8,0,136,1,13,0,villa_1_mayo
135,12,3,0,134,0,15,1,villa_1_mayo
135,9,6,0,135,2,13,0,villa_1_mayo
8,15,127,0,5,1,141,3,villa_1_mayo
136,11,3,0,134,0,14,2,villa_1_mayo
136,8,6,0,135,1,13,1,villa_1_mayo
108,26,16,0,106,6,36,2,villa_1_mayo
136,11,3,0,135,2,12,1,villa_1_mayo
114,13,23,0,114,3,33,0,villa_1_mayo
135,10,5,0,133,2,13,2,villa_1_mayo
126,10,14,0,124,2,22,2,villa_1_mayo
88,29,33,0,85,5,57,3,villa_1_mayo
115,12,23,0,114,0,35,1,villa_1_mayo
122,9,19,0,121,3,25,1,villa_1_mayo
131,13,6,0,130,0,19,1,villa_1_mayo
138,11,1,0,137,0,12,1,villa_1_mayo
150,0,0,0,150,0,0,0,villa_1_mayo
51,27,72,0,45,2,97,6,villa_1_mayo
150,0,0,0,150,0,0,0,villa_1_mayo
81,47,21,1,77,4,64,5,villa_1_mayo
129,7,14,0,128,0,21,1,villa_1_mayo
150,0,0,0,150,0,0,0,villa_1_mayo
18,39,93,0,18,11,121,0,villa_1_mayo
0,21,129,0,0,1,149,0,villa_1_mayo
103,36,11,0,102,2,45,1,villa_1_mayo
26,51,72,1,21,10,113,6,villa_1_mayo
121,29,0,0,111,9,20,10,villa_1_mayo
136,11,3,0,135,0,14,1,villa_1_mayo
98,29,23,0,96,3,49,2,villa_1_mayo
136,11,3,0,135,2,12,1,villa_1_mayo
124,10,16,0,123,3,23,1,villa_1_mayo
130,6,14,0,129,0,20,1,villa_1_mayo
18,97,35,0,15,7,125,3,villa_1_mayo
56,30,64,0,56,5,89,0,villa_1_mayo
127,8,15,0,127,1,22,0,villa_1_mayo
135,14,1,0,134,2,13,1,villa_1_mayo
133,12,5,0,131,1,16,2,villa_1_mayo
115,19,16,0,109,2,33,6,villa_1_mayo
134,11,5,0,132,2,14,2,villa_1_mayo
54,22,74,0,54,2,94,0,villa_1_mayo
150,0,0,0,150,0,0,0,villa_1_mayo
120,13,17,0,118,0,30,2,villa_1_mayo
135,13,2,0,133,1,14,2,villa_1_mayo
134,10,6,0,132,0,16,2,villa_1_mayo
149,0,0,1,139,0,0,11,villa_1_mayo
135,14,1,0,135,2,13,0,villa_1_mayo
137,8,5,0,137,1,12,0,villa_1_mayo
23,22,105,0,20,1,126,3,villa_1_mayo
61,34,55,0,60,2,87,1,villa_1_mayo
133,16,1,0,133,2,15,0,villa_1_mayo
119,9,22,0,119,4,27,0,villa_1_mayo
132,12,5,1,132,0,17,1,villa_1_mayo
130,7,13,0,129,1,19,1,villa_1_mayo
